job_id,title,role_category,technical_skill
3634090513,Software Engineer,Software Engineering,SQL
3634090513,Software Engineer,Software Engineering,JavaScript
3634090513,Software Engineer,Software Engineering,AWS
3634090513,Software Engineer,Software Engineering,Git
3634090513,Software Engineer,Software Engineering,Database
3690835135,Enterprise Business Analyst,Business Analyst / BI,Communication
3690835135,Enterprise Business Analyst,Business Analyst / BI,Problem Solving
3692302089,Data Scientist/ Product Analyst ,Data Science / ML,SQL
3692302089,Data Scientist/ Product Analyst ,Data Science / ML,Python
3692302089,Data Scientist/ Product Analyst ,Data Science / ML,Statistics
3692302089,Data Scientist/ Product Analyst ,Data Science / ML,Data Visualization
3692302089,Data Scientist/ Product Analyst ,Data Science / ML,Communication
3692302089,Data Scientist/ Product Analyst ,Data Science / ML,Data Cleaning
3692363778,Data Analytics Consultant,Analytics,Tableau
3692363778,Data Analytics Consultant,Analytics,Power BI
3692363778,Data Analytics Consultant,Analytics,Azure
3692363778,Data Analytics Consultant,Analytics,Snowflake
3692363778,Data Analytics Consultant,Analytics,ETL
3692370024,IBM TM1 / Planning Analytics Consultants,Analytics,Communication
3693043814,Business Analyst,Business Analyst / BI,Azure
3693043848,Data Analyst,Data Analyst,SQL
3693043848,Data Analyst,Data Analyst,Python
3693043848,Data Analyst,Data Analyst,Excel
3693043925,Business Analyst- Healthcare,Business Analyst / BI,SQL
3693043925,Business Analyst- Healthcare,Business Analyst / BI,Excel
3693043925,Business Analyst- Healthcare,Business Analyst / BI,PowerPoint
3693043925,Business Analyst- Healthcare,Business Analyst / BI,Communication
3693044310,C++ Software Engineer,Software Engineering,Git
3693044317,PL/SQL Developer,Developer,SQL
3693044317,PL/SQL Developer,Developer,Java
3693044317,PL/SQL Developer,Developer,Communication
3693044317,PL/SQL Developer,Developer,Database
3693044376,Business Analyst,Business Analyst / BI,Excel
3693044444,Java Developer (Only W2),Developer,Java
3693044448,Business Analyst - W2 Only,Business Analyst / BI,Excel
3693044762,"Business Analyst, Property  ",Business Analyst / BI,Excel
3693044762,"Business Analyst, Property  ",Business Analyst / BI,Tableau
3693044762,"Business Analyst, Property  ",Business Analyst / BI,Power BI
3693044762,"Business Analyst, Property  ",Business Analyst / BI,Communication
3693044762,"Business Analyst, Property  ",Business Analyst / BI,Problem Solving
3693044773,Java Software Engineer,Software Engineering,Java
3693044773,Java Software Engineer,Software Engineering,JavaScript
3693045241,Software Engineer [72302],Software Engineering,Java
3693045603,Data Scientist,Data Science / ML,Python
3693045603,Data Scientist,Data Science / ML,Problem Solving
3693045676,Java Software Engineer,Software Engineering,SQL
3693045676,Java Software Engineer,Software Engineering,Java
3693046241,Data Engineer/SQL Developer,Developer,SQL
3693046241,Data Engineer/SQL Developer,Developer,Excel
3693046241,Data Engineer/SQL Developer,Developer,Power BI
3693046241,Data Engineer/SQL Developer,Developer,Azure
3693046241,Data Engineer/SQL Developer,Developer,Snowflake
3693046302,Business Intelligence Developer,Business Analyst / BI,SQL
3693046302,Business Intelligence Developer,Business Analyst / BI,Azure
3693046302,Business Intelligence Developer,Business Analyst / BI,Data Visualization
3693046302,Business Intelligence Developer,Business Analyst / BI,ETL
3693046302,Business Intelligence Developer,Business Analyst / BI,Database
3693046308,"Wholesale Business Analyst - Montvale, NJ (Hybrid)",Business Analyst / BI,SQL
3693046308,"Wholesale Business Analyst - Montvale, NJ (Hybrid)",Business Analyst / BI,Excel
3693046308,"Wholesale Business Analyst - Montvale, NJ (Hybrid)",Business Analyst / BI,Data Visualization
3693046308,"Wholesale Business Analyst - Montvale, NJ (Hybrid)",Business Analyst / BI,Database
3693046316,Gaming Business Analyst ,Business Analyst / BI,SQL
3693046316,Gaming Business Analyst ,Business Analyst / BI,Excel
3693046316,Gaming Business Analyst ,Business Analyst / BI,Power BI
3693046316,Gaming Business Analyst ,Business Analyst / BI,Communication
3693046316,Gaming Business Analyst ,Business Analyst / BI,Problem Solving
3693046316,Gaming Business Analyst ,Business Analyst / BI,Database
3693046364,Backend Java Developer,Developer,SQL
3693046364,Backend Java Developer,Developer,Java
3693046364,Backend Java Developer,Developer,JavaScript
3693046364,Backend Java Developer,Developer,Communication
3693046487,Data Analyst,Data Analyst,Problem Solving
3693046569,Data Scientist – (Remote),Data Science / ML,SQL
3693046569,Data Scientist – (Remote),Data Science / ML,Python
3693046569,Data Scientist – (Remote),Data Science / ML,Java
3693046569,Data Scientist – (Remote),Data Science / ML,Machine Learning
3693046569,Data Scientist – (Remote),Data Science / ML,Statistics
3693046569,Data Scientist – (Remote),Data Science / ML,SAS
3693046569,Data Scientist – (Remote),Data Science / ML,SPSS
3693046569,Data Scientist – (Remote),Data Science / ML,Communication
3693046569,Data Scientist – (Remote),Data Science / ML,Database
3693046636,java developer W2,Developer,Java
3693046636,java developer W2,Developer,JavaScript
3693046814,ServiceNow Business Analyst,Business Analyst / BI,AWS
3693046814,ServiceNow Business Analyst,Business Analyst / BI,Azure
3693046814,ServiceNow Business Analyst,Business Analyst / BI,Communication
3693046814,ServiceNow Business Analyst,Business Analyst / BI,Problem Solving
3693046938,SQL Developer || Hybrid(Across USA) || W2 only,Developer,SQL
3693046938,SQL Developer || Hybrid(Across USA) || W2 only,Developer,Statistics
3693046938,SQL Developer || Hybrid(Across USA) || W2 only,Developer,Database
3693047014,Data Analyst,Data Analyst,SQL
3693047014,Data Analyst,Data Analyst,Azure
3693047014,Data Analyst,Data Analyst,Communication
3693047014,Data Analyst,Data Analyst,Problem Solving
3693047014,Data Analyst,Data Analyst,Database
3693047544,Data Scientists / AIML Engineer,Data Science / ML,Python
3693047702,"Marketing Sciences, Data Scientist",Data Science / ML,Machine Learning
3693047702,"Marketing Sciences, Data Scientist",Data Science / ML,Statistics
3693047703,Machine Learning Engineer,Data Science / ML,Python
3693047703,Machine Learning Engineer,Data Science / ML,AWS
3693047703,Machine Learning Engineer,Data Science / ML,Pandas
3693047703,Machine Learning Engineer,Data Science / ML,NumPy
3693047703,Machine Learning Engineer,Data Science / ML,Machine Learning
3693047703,Machine Learning Engineer,Data Science / ML,Data Cleaning
3693048213,EDI Business Analyst,Business Analyst / BI,SQL
3693048213,EDI Business Analyst,Business Analyst / BI,Communication
3693048213,EDI Business Analyst,Business Analyst / BI,Problem Solving
3693048470,Python Developer,Developer,SQL
3693048470,Python Developer,Developer,Python
3693048470,Python Developer,Developer,AWS
3693048470,Python Developer,Developer,Communication
3693048470,Python Developer,Developer,Database
3693048705,SOFTWARE ENGINEER- JPOS,Software Engineering,Java
3693048705,SOFTWARE ENGINEER- JPOS,Software Engineering,Communication
3693048744,Business Analyst,Business Analyst / BI,SQL
3693048744,Business Analyst,Business Analyst / BI,Communication
3693048882,Advisor Business Analyst,Business Analyst / BI,Excel
3693048882,Advisor Business Analyst,Business Analyst / BI,Database
3693049194,Software Developer (Azure / .NET),Software Engineering,SQL
3693049194,Software Developer (Azure / .NET),Software Engineering,Azure
3693049194,Software Developer (Azure / .NET),Software Engineering,Git
3693049194,Software Developer (Azure / .NET),Software Engineering,Communication
3693049290,Business Analyst,Business Analyst / BI,SQL
3693049290,Business Analyst,Business Analyst / BI,Tableau
3693049290,Business Analyst,Business Analyst / BI,Power BI
3693049290,Business Analyst,Business Analyst / BI,Data Visualization
3693049413,Junior Software Engineer,Software Engineering,Java
3693049413,Junior Software Engineer,Software Engineering,SAS
3693049413,Junior Software Engineer,Software Engineering,Communication
3693049706,Data Analyst,Data Analyst,SQL
3693049706,Data Analyst,Data Analyst,Python
3693049706,Data Analyst,Data Analyst,Excel
3693049706,Data Analyst,Data Analyst,Alteryx
3693049706,Data Analyst,Data Analyst,Communication
3693049941,SQL Developer,Developer,SQL
3693049941,SQL Developer,Developer,Python
3693049941,SQL Developer,Developer,Communication
3693049941,SQL Developer,Developer,Data Cleaning
3693049941,SQL Developer,Developer,Database
3693050150,Java developer,Developer,SQL
3693050150,Java developer,Developer,Java
3693050150,Java developer,Developer,Communication
3693050194,Software Engineer,Software Engineering,Java
3693050467,Software Engineer,Software Engineering,JavaScript
3693050467,Software Engineer,Software Engineering,Git
3693050467,Software Engineer,Software Engineering,Communication
3693050565,Business Analyst/ Tableau Developer,Business Analyst / BI,SQL
3693050565,Business Analyst/ Tableau Developer,Business Analyst / BI,Python
3693050565,Business Analyst/ Tableau Developer,Business Analyst / BI,Tableau
3693050565,Business Analyst/ Tableau Developer,Business Analyst / BI,Data Visualization
3693050565,Business Analyst/ Tableau Developer,Business Analyst / BI,Communication
3693050917,Data Analyst,Data Analyst,SQL
3693050917,Data Analyst,Data Analyst,Data Cleaning
3693050995,Data Analyst,Data Analyst,SQL
3693050995,Data Analyst,Data Analyst,Data Visualization
3693050995,Data Analyst,Data Analyst,SAS
3693050995,Data Analyst,Data Analyst,Communication
3693051072,Power BI Data Analyst – (Remote),Data Analyst,SQL
3693051072,Power BI Data Analyst – (Remote),Data Analyst,Excel
3693051072,Power BI Data Analyst – (Remote),Data Analyst,Power BI
3693051072,Power BI Data Analyst – (Remote),Data Analyst,Data Visualization
3693051124,Salesforce Business Analyst,Business Analyst / BI,Communication
3693051742,Embedded Software Engineer,Software Engineering,Communication
3693051829,Python Developer,Developer,Python
3693051829,Python Developer,Developer,JavaScript
3693052149,Marketing Analytics Coordinator,Analytics,Statistics
3693052149,Marketing Analytics Coordinator,Analytics,Data Visualization
3693052149,Marketing Analytics Coordinator,Analytics,Communication
3693052149,Marketing Analytics Coordinator,Analytics,Problem Solving
3693052150,Data Scientist,Data Science / ML,Python
3693052150,Data Scientist,Data Science / ML,Tableau
3693052150,Data Scientist,Data Science / ML,Statistics
3693052150,Data Scientist,Data Science / ML,Data Visualization
3693052152,Business Intelligence Analyst,Business Analyst / BI,Python
3693052152,Business Intelligence Analyst,Business Analyst / BI,Excel
3693052152,Business Intelligence Analyst,Business Analyst / BI,Tableau
3693052152,Business Intelligence Analyst,Business Analyst / BI,Data Visualization
3693052152,Business Intelligence Analyst,Business Analyst / BI,Problem Solving
3693052152,Business Intelligence Analyst,Business Analyst / BI,Database
3693052211,Business Analyst,Business Analyst / BI,Azure
3693052354,REMOTE - Servicenow Business Analyst ,Business Analyst / BI,AWS
3693052354,REMOTE - Servicenow Business Analyst ,Business Analyst / BI,Azure
3693052354,REMOTE - Servicenow Business Analyst ,Business Analyst / BI,Communication
3693052354,REMOTE - Servicenow Business Analyst ,Business Analyst / BI,Problem Solving
3693052511,DHT - Front-End Software Engineer,Software Engineering,JavaScript
3693053007,Business Analyst,Business Analyst / BI,Communication
3693053007,Business Analyst,Business Analyst / BI,Database
3693053065,Salesforce Business Analyst,Business Analyst / BI,Communication
3693053166,Data Scientist,Data Science / ML,Statistics
3693053166,Data Scientist,Data Science / ML,Data Visualization
3693053166,Data Scientist,Data Science / ML,ETL
3693053380,Application Software Engineering V,Software Engineering,SQL
3693053380,Application Software Engineering V,Software Engineering,Java
3693053380,Application Software Engineering V,Software Engineering,Communication
3693053423,Software Engineer,Software Engineering,Python
3693053423,Software Engineer,Software Engineering,Git
3693053423,Software Engineer,Software Engineering,Communication
3693053423,Software Engineer,Software Engineering,Database
3693054174,Mid-Level Java Developer(3-4 years),Developer,JavaScript
3693054182,Java and Python Developer,Developer,Python
3693054182,Java and Python Developer,Developer,Java
3693054182,Java and Python Developer,Developer,AWS
3693054182,Java and Python Developer,Developer,Machine Learning
3693054182,Java and Python Developer,Developer,Data Visualization
3693054182,Java and Python Developer,Developer,Communication
3693054182,Java and Python Developer,Developer,Problem Solving
3693054269,Software Engineer,Software Engineering,Python
3693054269,Software Engineer,Software Engineering,Git
3693054269,Software Engineer,Software Engineering,Communication
3693054269,Software Engineer,Software Engineering,Database
3693055046,IT Data Analytics Analyst,Analytics,SQL
3693055046,IT Data Analytics Analyst,Analytics,Python
3693055046,IT Data Analytics Analyst,Analytics,Excel
3693055046,IT Data Analytics Analyst,Analytics,Tableau
3693055046,IT Data Analytics Analyst,Analytics,Java
3693055046,IT Data Analytics Analyst,Analytics,Statistics
3693055046,IT Data Analytics Analyst,Analytics,Data Visualization
3693055046,IT Data Analytics Analyst,Analytics,Alteryx
3693055046,IT Data Analytics Analyst,Analytics,Communication
3693055046,IT Data Analytics Analyst,Analytics,Data Cleaning
3693055046,IT Data Analytics Analyst,Analytics,Database
3693055168,Text Data Labeling Analyst - Machine Learning (Hybrid Role 1 Day a week Onsite) ,Data Science / ML,Machine Learning
3693055182,Business Analyst,Business Analyst / BI,Communication
3693056161,Data Analytics Engineer,Analytics,SQL
3693056161,Data Analytics Engineer,Analytics,Python
3693056161,Data Analytics Engineer,Analytics,Tableau
3693056161,Data Analytics Engineer,Analytics,Power BI
3693056161,Data Analytics Engineer,Analytics,Java
3693056161,Data Analytics Engineer,Analytics,AWS
3693056161,Data Analytics Engineer,Analytics,Google Cloud
3693056161,Data Analytics Engineer,Analytics,Git
3693056161,Data Analytics Engineer,Analytics,Data Visualization
3693056161,Data Analytics Engineer,Analytics,ETL
3693056161,Data Analytics Engineer,Analytics,Looker
3693056161,Data Analytics Engineer,Analytics,Communication
3693056161,Data Analytics Engineer,Analytics,Database
3693057178,Software Engineer,Software Engineering,Python
3693057178,Software Engineer,Software Engineering,Git
3693057178,Software Engineer,Software Engineering,Communication
3693057178,Software Engineer,Software Engineering,Database
3693057212,Python Developer,Developer,Python
3693057212,Python Developer,Developer,Git
3693057212,Python Developer,Developer,Pandas
3693057212,Python Developer,Developer,NumPy
3693057212,Python Developer,Developer,Database
3693060993,Software Engineer Dev Ops,Software Engineering,Python
3693060993,Software Engineer Dev Ops,Software Engineering,AWS
3693060993,Software Engineer Dev Ops,Software Engineering,Git
3693060993,Software Engineer Dev Ops,Software Engineering,Communication
3693061969,Business Analyst With Salesforce PRM,Business Analyst / BI,Communication
3693062940,Software Engineer Dev Ops,Software Engineering,Python
3693062940,Software Engineer Dev Ops,Software Engineering,AWS
3693062940,Software Engineer Dev Ops,Software Engineering,Git
3693062940,Software Engineer Dev Ops,Software Engineering,Communication
3693063985,Associate Data Analyst - Analytics and Insights,Data Analyst,SQL
3693063985,Associate Data Analyst - Analytics and Insights,Data Analyst,Python
3693063985,Associate Data Analyst - Analytics and Insights,Data Analyst,Tableau
3693063985,Associate Data Analyst - Analytics and Insights,Data Analyst,R
3693063985,Associate Data Analyst - Analytics and Insights,Data Analyst,Data Visualization
3693063985,Associate Data Analyst - Analytics and Insights,Data Analyst,ETL
3693064864,Business Analyst V,Business Analyst / BI,SQL
3693064864,Business Analyst V,Business Analyst / BI,Excel
3693064864,Business Analyst V,Business Analyst / BI,PowerPoint
3693064864,Business Analyst V,Business Analyst / BI,Communication
3693064864,Business Analyst V,Business Analyst / BI,Problem Solving
3693065693,Software Engineer,Software Engineering,Machine Learning
3693065693,Software Engineer,Software Engineering,Data Visualization
3693065781,Business Analyst - Marketing,Business Analyst / BI,Excel
3693066747,Java Developer,Developer,SQL
3693066747,Java Developer,Developer,Java
3693066747,Java Developer,Developer,Azure
3693066747,Java Developer,Developer,Google Cloud
3693066747,Java Developer,Developer,Git
3693066747,Java Developer,Developer,Communication
3693066747,Java Developer,Developer,Problem Solving
3693066747,Java Developer,Developer,Database
3693067545,Java Software Engineer,Software Engineering,Java
3693067545,Java Software Engineer,Software Engineering,JavaScript
3693067551,Engineering Business Analyst,Business Analyst / BI,Statistics
3693067551,Engineering Business Analyst,Business Analyst / BI,Data Visualization
3693067587,Java Developer,Developer,SQL
3693067587,Java Developer,Developer,Java
3693067587,Java Developer,Developer,Azure
3693067587,Java Developer,Developer,Google Cloud
3693067587,Java Developer,Developer,Git
3693067587,Java Developer,Developer,Communication
3693067587,Java Developer,Developer,Problem Solving
3693067587,Java Developer,Developer,Database
3693067630,Machine Learning Engineer,Data Science / ML,SQL
3693067630,Machine Learning Engineer,Data Science / ML,Python
3693067630,Machine Learning Engineer,Data Science / ML,AWS
3693067630,Machine Learning Engineer,Data Science / ML,Azure
3693067630,Machine Learning Engineer,Data Science / ML,Git
3693067630,Machine Learning Engineer,Data Science / ML,Machine Learning
3693067744,Software Engineer,Software Engineering,SQL
3693067744,Software Engineer,Software Engineering,Tableau
3693067744,Software Engineer,Software Engineering,Power BI
3693067744,Software Engineer,Software Engineering,Java
3693067744,Software Engineer,Software Engineering,JavaScript
3693067744,Software Engineer,Software Engineering,AWS
3693067744,Software Engineer,Software Engineering,Azure
3693067744,Software Engineer,Software Engineering,Google Cloud
3693067744,Software Engineer,Software Engineering,Communication
3693067744,Software Engineer,Software Engineering,Database
3693067760,Python Developer,Developer,Python
3693067760,Python Developer,Developer,Java
3693067760,Python Developer,Developer,Git
3693067760,Python Developer,Developer,Pandas
3693067760,Python Developer,Developer,NumPy
3693067760,Python Developer,Developer,Data Cleaning
3693068307,Entry Level Data Analyst,Data Analyst,Excel
3693068307,Entry Level Data Analyst,Data Analyst,Communication
3693068307,Entry Level Data Analyst,Data Analyst,Problem Solving
3693068307,Entry Level Data Analyst,Data Analyst,Database
3693069014,Data Analytics Specialist,Analytics,SQL
3693069014,Data Analytics Specialist,Analytics,Python
3693069014,Data Analytics Specialist,Analytics,Communication
3693069014,Data Analytics Specialist,Analytics,Data Cleaning
3693069022,Software Engineer,Software Engineering,SQL
3693069022,Software Engineer,Software Engineering,Python
3693069022,Software Engineer,Software Engineering,Java
3693069022,Software Engineer,Software Engineering,JavaScript
3693069022,Software Engineer,Software Engineering,AWS
3693069022,Software Engineer,Software Engineering,Git
3693069022,Software Engineer,Software Engineering,Communication
3693069022,Software Engineer,Software Engineering,Database
3693069065,Software Engineer I,Software Engineering,AWS
3693069065,Software Engineer I,Software Engineering,Communication
3693069065,Software Engineer I,Software Engineering,Problem Solving
3693069263,Software Engineer I - Remote,Software Engineering,JavaScript
3693069263,Software Engineer I - Remote,Software Engineering,Problem Solving
3693069263,Software Engineer I - Remote,Software Engineering,Database
3693069371,Application Software Engineer,Software Engineering,Python
3693069371,Application Software Engineer,Software Engineering,Excel
3693069371,Application Software Engineer,Software Engineering,Java
3693069371,Application Software Engineer,Software Engineering,Git
3693069371,Application Software Engineer,Software Engineering,Database
3693069638,Google Analytics Analyst,Analytics,Communication
3693069707,Software Developer,Software Engineering,SQL
3693069707,Software Developer,Software Engineering,JavaScript
3693069707,Software Developer,Software Engineering,Communication
3693069707,Software Developer,Software Engineering,Problem Solving
3693069707,Software Developer,Software Engineering,Database
3693070378,"Business Analyst, AHS Help Desk",Business Analyst / BI,SQL
3693070378,"Business Analyst, AHS Help Desk",Business Analyst / BI,Excel
3693070378,"Business Analyst, AHS Help Desk",Business Analyst / BI,Tableau
3693070378,"Business Analyst, AHS Help Desk",Business Analyst / BI,Statistics
3693070378,"Business Analyst, AHS Help Desk",Business Analyst / BI,Data Visualization
3693070378,"Business Analyst, AHS Help Desk",Business Analyst / BI,ETL
3693070378,"Business Analyst, AHS Help Desk",Business Analyst / BI,Communication
3693070651,Software Engineer,Software Engineering,Java
3693070651,Software Engineer,Software Engineering,Git
3693070651,Software Engineer,Software Engineering,Communication
3693070651,Software Engineer,Software Engineering,Problem Solving
3693070651,Software Engineer,Software Engineering,Database
3693071184,Data Analyst,Data Analyst,SQL
3693071184,Data Analyst,Data Analyst,Python
3693071184,Data Analyst,Data Analyst,Excel
3693071184,Data Analyst,Data Analyst,Tableau
3693071184,Data Analyst,Data Analyst,Power BI
3693071184,Data Analyst,Data Analyst,Data Visualization
3693071184,Data Analyst,Data Analyst,Alteryx
3693071184,Data Analyst,Data Analyst,Communication
3693071184,Data Analyst,Data Analyst,Problem Solving
3693072155,"Business Analyst, Relay Mobile",Business Analyst / BI,SQL
3693072155,"Business Analyst, Relay Mobile",Business Analyst / BI,Excel
3693072155,"Business Analyst, Relay Mobile",Business Analyst / BI,Tableau
3693072155,"Business Analyst, Relay Mobile",Business Analyst / BI,Power BI
3693072155,"Business Analyst, Relay Mobile",Business Analyst / BI,AWS
3693072155,"Business Analyst, Relay Mobile",Business Analyst / BI,Machine Learning
3693072155,"Business Analyst, Relay Mobile",Business Analyst / BI,Statistics
3693072155,"Business Analyst, Relay Mobile",Business Analyst / BI,Data Visualization
3693072155,"Business Analyst, Relay Mobile",Business Analyst / BI,ETL
3693072155,"Business Analyst, Relay Mobile",Business Analyst / BI,Communication
3693072155,"Business Analyst, Relay Mobile",Business Analyst / BI,Problem Solving
3693073631,SAP Business Analyst – PP/QM,Business Analyst / BI,Communication
3693074335,Database Analyst,Other Tech/Data,Tableau
3693074335,Database Analyst,Other Tech/Data,Statistics
3693074335,Database Analyst,Other Tech/Data,Data Visualization
3693074335,Database Analyst,Other Tech/Data,PowerPoint
3693074335,Database Analyst,Other Tech/Data,Communication
3693074335,Database Analyst,Other Tech/Data,Data Cleaning
3693074335,Database Analyst,Other Tech/Data,Database
3693074456,Java Software Engineer,Software Engineering,Java
3693074456,Java Software Engineer,Software Engineering,JavaScript
3693075107,SQL Developer,Developer,SQL
3693580975,Business Intelligence Consulting Intern - Summer 2024,Business Analyst / BI,SQL
3693580975,Business Intelligence Consulting Intern - Summer 2024,Business Analyst / BI,Azure
3693580975,Business Intelligence Consulting Intern - Summer 2024,Business Analyst / BI,Data Visualization
3693580975,Business Intelligence Consulting Intern - Summer 2024,Business Analyst / BI,ETL
3693580975,Business Intelligence Consulting Intern - Summer 2024,Business Analyst / BI,Alteryx
3693580975,Business Intelligence Consulting Intern - Summer 2024,Business Analyst / BI,Communication
3693580975,Business Intelligence Consulting Intern - Summer 2024,Business Analyst / BI,Database
3693581751,"Specialist, Investment Analytics",Analytics,Excel
3693581751,"Specialist, Investment Analytics",Analytics,Tableau
3693581751,"Specialist, Investment Analytics",Analytics,Power BI
3693581751,"Specialist, Investment Analytics",Analytics,Data Visualization
3693581751,"Specialist, Investment Analytics",Analytics,PowerPoint
3693581751,"Specialist, Investment Analytics",Analytics,Communication
3693583691,"Software Engineering Intern - Summer 2024 - Seattle, WA",Software Engineering,SQL
3693583691,"Software Engineering Intern - Summer 2024 - Seattle, WA",Software Engineering,Java
3693583691,"Software Engineering Intern - Summer 2024 - Seattle, WA",Software Engineering,JavaScript
3693583691,"Software Engineering Intern - Summer 2024 - Seattle, WA",Software Engineering,Data Visualization
3693583691,"Software Engineering Intern - Summer 2024 - Seattle, WA",Software Engineering,Database
3693583801,"Deputy Chief Product Group, Software Engineer, UI/UX &amp; Agile",Software Engineering,SQL
3693583801,"Deputy Chief Product Group, Software Engineer, UI/UX &amp; Agile",Software Engineering,Python
3693583801,"Deputy Chief Product Group, Software Engineer, UI/UX &amp; Agile",Software Engineering,Power BI
3693583801,"Deputy Chief Product Group, Software Engineer, UI/UX &amp; Agile",Software Engineering,Java
3693583801,"Deputy Chief Product Group, Software Engineer, UI/UX &amp; Agile",Software Engineering,JavaScript
3693583801,"Deputy Chief Product Group, Software Engineer, UI/UX &amp; Agile",Software Engineering,AWS
3693583801,"Deputy Chief Product Group, Software Engineer, UI/UX &amp; Agile",Software Engineering,Azure
3693583801,"Deputy Chief Product Group, Software Engineer, UI/UX &amp; Agile",Software Engineering,Statistics
3693583801,"Deputy Chief Product Group, Software Engineer, UI/UX &amp; Agile",Software Engineering,Communication
3693583847,Data Scientist,Data Science / ML,SQL
3693583847,Data Scientist,Data Science / ML,Python
3693583847,Data Scientist,Data Science / ML,Azure
3693583847,Data Scientist,Data Science / ML,Statistics
3693583847,Data Scientist,Data Science / ML,Data Visualization
3693583847,Data Scientist,Data Science / ML,SAS
3693583847,Data Scientist,Data Science / ML,Communication
3693583972,Software Engineer,Software Engineering,JavaScript
3693583972,Software Engineer,Software Engineering,Git
3693584721,Associate Software Engineer,Software Engineering,Java
3693584721,Associate Software Engineer,Software Engineering,Communication
3693584721,Associate Software Engineer,Software Engineering,Database
3693584769,Data Scientist- AD Tech,Data Science / ML,SQL
3693584769,Data Scientist- AD Tech,Data Science / ML,Python
3693584769,Data Scientist- AD Tech,Data Science / ML,AWS
3693584769,Data Scientist- AD Tech,Data Science / ML,Machine Learning
3693584769,Data Scientist- AD Tech,Data Science / ML,Statistics
3693585731,Project Software Engineer,Software Engineering,Python
3693585731,Project Software Engineer,Software Engineering,Java
3693585731,Project Software Engineer,Software Engineering,Git
3693585731,Project Software Engineer,Software Engineering,Communication
3693586589,Frontend Web Developer (Machine Learning),Data Science / ML,Python
3693586589,Frontend Web Developer (Machine Learning),Data Science / ML,JavaScript
3693586589,Frontend Web Developer (Machine Learning),Data Science / ML,Machine Learning
3693586589,Frontend Web Developer (Machine Learning),Data Science / ML,Communication
3693586635,Software Engineer,Software Engineering,Git
3693586635,Software Engineer,Software Engineering,Communication
3693586957,Software Engineer,Software Engineering,Git
3693587183,"Analyst, Vendor Analytics",Analytics,Excel
3693587183,"Analyst, Vendor Analytics",Analytics,PowerPoint
3693587183,"Analyst, Vendor Analytics",Analytics,Communication
3693587183,"Analyst, Vendor Analytics",Analytics,Problem Solving
3693587414,Software Engineer,Software Engineering,Python
3693587414,Software Engineer,Software Engineering,JavaScript
3693587414,Software Engineer,Software Engineering,Communication
3693587414,Software Engineer,Software Engineering,Database
3693587419,Software Engineer | Boston | On Site ,Software Engineering,Java
3693587419,Software Engineer | Boston | On Site ,Software Engineering,JavaScript
3693587419,Software Engineer | Boston | On Site ,Software Engineering,Database
3693588071,Software Engineer (SE-2301),Software Engineering,Communication
3693588071,Software Engineer (SE-2301),Software Engineering,Data Cleaning
3693588071,Software Engineer (SE-2301),Software Engineering,Database
3693590022,Business Intelligence Analyst,Business Analyst / BI,SQL
3693590022,Business Intelligence Analyst,Business Analyst / BI,Power BI
3693590022,Business Intelligence Analyst,Business Analyst / BI,Statistics
3693590022,Business Intelligence Analyst,Business Analyst / BI,Communication
3693591066,JD Edwards Business Analyst,Business Analyst / BI,SQL
3693591066,JD Edwards Business Analyst,Business Analyst / BI,Communication
3693592002,Software Engineer,Software Engineering,Git
3693597495,Business Intelligence Engineer,Business Analyst / BI,SQL
3693597495,Business Intelligence Engineer,Business Analyst / BI,Python
3693597495,Business Intelligence Engineer,Business Analyst / BI,Tableau
3693597495,Business Intelligence Engineer,Business Analyst / BI,AWS
3693597495,Business Intelligence Engineer,Business Analyst / BI,Statistics
3693597495,Business Intelligence Engineer,Business Analyst / BI,Data Visualization
3693597495,Business Intelligence Engineer,Business Analyst / BI,ETL
3693597495,Business Intelligence Engineer,Business Analyst / BI,SAS
3693597495,Business Intelligence Engineer,Business Analyst / BI,Communication
3693597495,Business Intelligence Engineer,Business Analyst / BI,Database
3693598462,Software Engineer ,Software Engineering,Communication
3693599929,Software Engineer,Software Engineering,Python
3693599984,Entry Level Software Sales Executive,Other Tech/Data,Communication
3694100577,Full Stack Software Engineer (Java),Software Engineering,Excel
3694100577,Full Stack Software Engineer (Java),Software Engineering,Java
3694100577,Full Stack Software Engineer (Java),Software Engineering,AWS
3694100577,Full Stack Software Engineer (Java),Software Engineering,Azure
3694100577,Full Stack Software Engineer (Java),Software Engineering,Google Cloud
3694100577,Full Stack Software Engineer (Java),Software Engineering,Git
3694100955,Software Engineer/Website Developer,Software Engineering,SQL
3694100955,Software Engineer/Website Developer,Software Engineering,JavaScript
3694100955,Software Engineer/Website Developer,Software Engineering,Git
3694100955,Software Engineer/Website Developer,Software Engineering,Database
3694101347,Software Engineer V-Full Stack (Strong Front-End),Software Engineering,SQL
3694101347,Software Engineer V-Full Stack (Strong Front-End),Software Engineering,JavaScript
3694101347,Software Engineer V-Full Stack (Strong Front-End),Software Engineering,Azure
3694101347,Software Engineer V-Full Stack (Strong Front-End),Software Engineering,Git
3694101347,Software Engineer V-Full Stack (Strong Front-End),Software Engineering,ETL
3694101347,Software Engineer V-Full Stack (Strong Front-End),Software Engineering,Communication
3694101447,Python Developer,Developer,Python
3694101447,Python Developer,Developer,Git
3694101447,Python Developer,Developer,Pandas
3694101447,Python Developer,Developer,NumPy
3694101447,Python Developer,Developer,Database
3694102363,Software Engineering Supervisor,Software Engineering,SQL
3694102363,Software Engineering Supervisor,Software Engineering,Azure
3694102363,Software Engineering Supervisor,Software Engineering,Communication
3694102465,Compliance Business Analyst,Business Analyst / BI,Communication
3694102465,Compliance Business Analyst,Business Analyst / BI,Problem Solving
3694102818,Business Analyst - SAP HR Payroll,Business Analyst / BI,Statistics
3694102818,Business Analyst - SAP HR Payroll,Business Analyst / BI,Communication
3694102891,Data Analyst,Data Analyst,Excel
3694102891,Data Analyst,Data Analyst,Communication
3694102891,Data Analyst,Data Analyst,Problem Solving
3694102891,Data Analyst,Data Analyst,Database
3694103169,Human Resources Business Analyst,Business Analyst / BI,Excel
3694103169,Human Resources Business Analyst,Business Analyst / BI,PowerPoint
3694103473,Product Data Analyst,Data Analyst,SQL
3694103473,Product Data Analyst,Data Analyst,Python
3694103473,Product Data Analyst,Data Analyst,Snowflake
3694103473,Product Data Analyst,Data Analyst,Statistics
3694103473,Product Data Analyst,Data Analyst,Data Visualization
3694103780,Software Engineer,Software Engineering,Python
3694103812,Software Engineer (PERN Stack),Software Engineering,SQL
3694103812,Software Engineer (PERN Stack),Software Engineering,JavaScript
3694103812,Software Engineer (PERN Stack),Software Engineering,AWS
3694103812,Software Engineer (PERN Stack),Software Engineering,Git
3694103812,Software Engineer (PERN Stack),Software Engineering,Data Visualization
3694103812,Software Engineer (PERN Stack),Software Engineering,Communication
3694103812,Software Engineer (PERN Stack),Software Engineering,Database
3694104002,Software Engineer,Software Engineering,Java
3694104115,Embedded Software Engineer,Software Engineering,Communication
3694104115,Embedded Software Engineer,Software Engineering,Problem Solving
3694104211,ERP Business Analyst,Business Analyst / BI,Communication
3694105420,Business Analyst,Business Analyst / BI,Excel
3694105420,Business Analyst,Business Analyst / BI,Statistics
3694105420,Business Analyst,Business Analyst / BI,Data Visualization
3694105420,Business Analyst,Business Analyst / BI,PowerPoint
3694105420,Business Analyst,Business Analyst / BI,Communication
3694105420,Business Analyst,Business Analyst / BI,Problem Solving
3694105618,"Consultant, Analytics & Technology - 515422",Analytics,SQL
3694105618,"Consultant, Analytics & Technology - 515422",Analytics,Python
3694105618,"Consultant, Analytics & Technology - 515422",Analytics,Tableau
3694105618,"Consultant, Analytics & Technology - 515422",Analytics,Power BI
3694105618,"Consultant, Analytics & Technology - 515422",Analytics,Data Visualization
3694105618,"Consultant, Analytics & Technology - 515422",Analytics,Communication
3694105618,"Consultant, Analytics & Technology - 515422",Analytics,Problem Solving
3694105618,"Consultant, Analytics & Technology - 515422",Analytics,Database
3694106148,Software Developer Midlevel,Software Engineering,JavaScript
3694106148,Software Developer Midlevel,Software Engineering,Git
3694106148,Software Developer Midlevel,Software Engineering,Communication
3694106148,Software Developer Midlevel,Software Engineering,Database
3694107197,MID-LEVEL MS D365 F&O SOFTWARE ENGINEER (U.S. REMOTE),Software Engineering,SQL
3694107197,MID-LEVEL MS D365 F&O SOFTWARE ENGINEER (U.S. REMOTE),Software Engineering,Power BI
3694107197,MID-LEVEL MS D365 F&O SOFTWARE ENGINEER (U.S. REMOTE),Software Engineering,JavaScript
3694113524,Data Analytics Solutions Engineer,Analytics,SQL
3694113524,Data Analytics Solutions Engineer,Analytics,Power BI
3694113524,Data Analytics Solutions Engineer,Analytics,Azure
3694113524,Data Analytics Solutions Engineer,Analytics,Snowflake
3694113524,Data Analytics Solutions Engineer,Analytics,Data Visualization
3694113524,Data Analytics Solutions Engineer,Analytics,ETL
3694113945,Software Engineer,Software Engineering,SQL
3694113945,Software Engineer,Software Engineering,Java
3694113945,Software Engineer,Software Engineering,AWS
3694113945,Software Engineer,Software Engineering,Communication
3694113945,Software Engineer,Software Engineering,Database
3694115583,Software Engineer,Software Engineering,SQL
3694115583,Software Engineer,Software Engineering,Java
3694115583,Software Engineer,Software Engineering,AWS
3694115583,Software Engineer,Software Engineering,Communication
3694115583,Software Engineer,Software Engineering,Database
3694120300,Software Engineer Dev Ops,Software Engineering,Python
3694120300,Software Engineer Dev Ops,Software Engineering,AWS
3694120300,Software Engineer Dev Ops,Software Engineering,Git
3694120300,Software Engineer Dev Ops,Software Engineering,Communication
3694121166,Natural Language Processing (NLP) Data Scientist.,Data Science / ML,Python
3694121166,Natural Language Processing (NLP) Data Scientist.,Data Science / ML,Pandas
3694121166,Natural Language Processing (NLP) Data Scientist.,Data Science / ML,NumPy
3694121166,Natural Language Processing (NLP) Data Scientist.,Data Science / ML,Machine Learning
3694121166,Natural Language Processing (NLP) Data Scientist.,Data Science / ML,Statistics
3694121166,Natural Language Processing (NLP) Data Scientist.,Data Science / ML,Communication
3694122335,Business Intelligence Developer,Business Analyst / BI,SQL
3694122335,Business Intelligence Developer,Business Analyst / BI,Tableau
3694122335,Business Intelligence Developer,Business Analyst / BI,Power BI
3694122335,Business Intelligence Developer,Business Analyst / BI,Data Visualization
3694122335,Business Intelligence Developer,Business Analyst / BI,ETL
3694122335,Business Intelligence Developer,Business Analyst / BI,Communication
3694122335,Business Intelligence Developer,Business Analyst / BI,Data Cleaning
3694136835, Gaming Business Analyst,Business Analyst / BI,SQL
3694136835, Gaming Business Analyst,Business Analyst / BI,Python
3694136835, Gaming Business Analyst,Business Analyst / BI,Excel
3694136835, Gaming Business Analyst,Business Analyst / BI,Power BI
3694136835, Gaming Business Analyst,Business Analyst / BI,Communication
3694136835, Gaming Business Analyst,Business Analyst / BI,Problem Solving
3694136835, Gaming Business Analyst,Business Analyst / BI,Database
3696990961,Business Analyst,Business Analyst / BI,Communication
3697324234,Software Engineer,Software Engineering,Java
3697324234,Software Engineer,Software Engineering,Azure
3697324234,Software Engineer,Software Engineering,Communication
3697324234,Software Engineer,Software Engineering,Problem Solving
3697324234,Software Engineer,Software Engineering,Database
3697338865,Software Engineer in Test,Software Engineering,SQL
3697338865,Software Engineer in Test,Software Engineering,Python
3697338865,Software Engineer in Test,Software Engineering,Java
3697339751,Denodo Software Developer,Software Engineering,SQL
3697339751,Denodo Software Developer,Software Engineering,Statistics
3697339751,Denodo Software Developer,Software Engineering,ETL
3697339751,Denodo Software Developer,Software Engineering,Database
3697339958,Business Analyst (with AI /ML exp),Business Analyst / BI,Machine Learning
3697339958,Business Analyst (with AI /ML exp),Business Analyst / BI,Communication
3697340629,Business Analyst,Business Analyst / BI,Java
3697340629,Business Analyst,Business Analyst / BI,Communication
3697340629,Business Analyst,Business Analyst / BI,Problem Solving
3697340805,Business Analyst,Business Analyst / BI,Excel
3697340805,Business Analyst,Business Analyst / BI,Git
3697340805,Business Analyst,Business Analyst / BI,PowerPoint
3697340805,Business Analyst,Business Analyst / BI,Communication
3697341474,Data Scientist,Data Science / ML,SQL
3697341474,Data Scientist,Data Science / ML,Python
3697341474,Data Scientist,Data Science / ML,Pandas
3697341474,Data Scientist,Data Science / ML,NumPy
3697341474,Data Scientist,Data Science / ML,Machine Learning
3697341474,Data Scientist,Data Science / ML,Statistics
3697341474,Data Scientist,Data Science / ML,Data Visualization
3697341474,Data Scientist,Data Science / ML,ETL
3697341474,Data Scientist,Data Science / ML,Alteryx
3697342482,Environmental Engineer & Data Scientist,Data Science / ML,Python
3697342482,Environmental Engineer & Data Scientist,Data Science / ML,Machine Learning
3697350743,Application Software Developer lll (Hybrid),Software Engineering,Python
3697350743,Application Software Developer lll (Hybrid),Software Engineering,Git
3697350743,Application Software Developer lll (Hybrid),Software Engineering,Communication
3697350743,Application Software Developer lll (Hybrid),Software Engineering,Problem Solving
3697350749,Business Analyst - Healthcare,Business Analyst / BI,SQL
3697350749,Business Analyst - Healthcare,Business Analyst / BI,Python
3697357969,"Machine Learning Infrastructure Software Engineer, Project Tidal (6 months contract)",Data Science / ML,SQL
3697357969,"Machine Learning Infrastructure Software Engineer, Project Tidal (6 months contract)",Data Science / ML,Python
3697357969,"Machine Learning Infrastructure Software Engineer, Project Tidal (6 months contract)",Data Science / ML,AWS
3697357969,"Machine Learning Infrastructure Software Engineer, Project Tidal (6 months contract)",Data Science / ML,Google Cloud
3697357969,"Machine Learning Infrastructure Software Engineer, Project Tidal (6 months contract)",Data Science / ML,Machine Learning
3697357969,"Machine Learning Infrastructure Software Engineer, Project Tidal (6 months contract)",Data Science / ML,Statistics
3697359708,"Software Engineer, Project Tidal (6 months contract)",Software Engineering,Python
3697359708,"Software Engineer, Project Tidal (6 months contract)",Software Engineering,Machine Learning
3697359708,"Software Engineer, Project Tidal (6 months contract)",Software Engineering,Communication
3697361293,Software Engineer Intern,Software Engineering,SQL
3697361293,Software Engineer Intern,Software Engineering,JavaScript
3697361293,Software Engineer Intern,Software Engineering,Communication
3697361293,Software Engineer Intern,Software Engineering,Database
3697364133,Java Developer,Developer,SQL
3697364133,Java Developer,Developer,Java
3697364133,Java Developer,Developer,Communication
3697377662,"Business Analyst – Decatur, IL",Business Analyst / BI,Excel
3697377662,"Business Analyst – Decatur, IL",Business Analyst / BI,Statistics
3697377662,"Business Analyst – Decatur, IL",Business Analyst / BI,PowerPoint
3697377662,"Business Analyst – Decatur, IL",Business Analyst / BI,Communication
3697377662,"Business Analyst – Decatur, IL",Business Analyst / BI,Problem Solving
3697377900,Machine Learning Scientist I,Data Science / ML,SQL
3697377900,Machine Learning Scientist I,Data Science / ML,Python
3697377900,Machine Learning Scientist I,Data Science / ML,Pandas
3697377900,Machine Learning Scientist I,Data Science / ML,NumPy
3697377900,Machine Learning Scientist I,Data Science / ML,Machine Learning
3697377900,Machine Learning Scientist I,Data Science / ML,Statistics
3697377900,Machine Learning Scientist I,Data Science / ML,Communication
3697377935,Software Engineer - Automation,Software Engineering,Communication
3697379856,Machine Learning Scientist I,Data Science / ML,SQL
3697379856,Machine Learning Scientist I,Data Science / ML,Python
3697379856,Machine Learning Scientist I,Data Science / ML,Pandas
3697379856,Machine Learning Scientist I,Data Science / ML,NumPy
3697379856,Machine Learning Scientist I,Data Science / ML,Machine Learning
3697379856,Machine Learning Scientist I,Data Science / ML,Statistics
3697379856,Machine Learning Scientist I,Data Science / ML,Communication
3697381498,"University Associate, D&E Valuation & Transaction Disputes (Forensic Accounting/Data Analytics)",Analytics,SQL
3697381498,"University Associate, D&E Valuation & Transaction Disputes (Forensic Accounting/Data Analytics)",Analytics,Excel
3697381498,"University Associate, D&E Valuation & Transaction Disputes (Forensic Accounting/Data Analytics)",Analytics,Tableau
3697381498,"University Associate, D&E Valuation & Transaction Disputes (Forensic Accounting/Data Analytics)",Analytics,Power BI
3697381498,"University Associate, D&E Valuation & Transaction Disputes (Forensic Accounting/Data Analytics)",Analytics,PowerPoint
3697381498,"University Associate, D&E Valuation & Transaction Disputes (Forensic Accounting/Data Analytics)",Analytics,Communication
3697381498,"University Associate, D&E Valuation & Transaction Disputes (Forensic Accounting/Data Analytics)",Analytics,Problem Solving
3697381498,"University Associate, D&E Valuation & Transaction Disputes (Forensic Accounting/Data Analytics)",Analytics,Database
3697382316,"Data Analyst, Real-Time Supply Management (Hybrid)",Data Analyst,SQL
3697382316,"Data Analyst, Real-Time Supply Management (Hybrid)",Data Analyst,Data Visualization
3697382316,"Data Analyst, Real-Time Supply Management (Hybrid)",Data Analyst,Communication
3697387964,Data Scientist,Data Science / ML,SQL
3697387964,Data Scientist,Data Science / ML,Python
3697387964,Data Scientist,Data Science / ML,Tableau
3697387964,Data Scientist,Data Science / ML,Java
3697387964,Data Scientist,Data Science / ML,JavaScript
3697387964,Data Scientist,Data Science / ML,AWS
3697387964,Data Scientist,Data Science / ML,Machine Learning
3697387964,Data Scientist,Data Science / ML,Statistics
3697387964,Data Scientist,Data Science / ML,Data Visualization
3697387964,Data Scientist,Data Science / ML,Data Cleaning
3697388794,Data Scientist,Data Science / ML,SQL
3697388794,Data Scientist,Data Science / ML,Python
3697388794,Data Scientist,Data Science / ML,Machine Learning
3697388794,Data Scientist,Data Science / ML,Statistics
3697388794,Data Scientist,Data Science / ML,Data Visualization
3697388794,Data Scientist,Data Science / ML,Data Cleaning
3697390531,Data Scientist,Data Science / ML,SQL
3697390531,Data Scientist,Data Science / ML,Python
3697390531,Data Scientist,Data Science / ML,Tableau
3697390531,Data Scientist,Data Science / ML,Java
3697390531,Data Scientist,Data Science / ML,JavaScript
3697390531,Data Scientist,Data Science / ML,AWS
3697390531,Data Scientist,Data Science / ML,Machine Learning
3697390531,Data Scientist,Data Science / ML,Statistics
3697390531,Data Scientist,Data Science / ML,Data Visualization
3697390531,Data Scientist,Data Science / ML,Data Cleaning
3697391430,Data Scientist,Data Science / ML,SQL
3697391430,Data Scientist,Data Science / ML,Python
3697391430,Data Scientist,Data Science / ML,Tableau
3697391430,Data Scientist,Data Science / ML,Machine Learning
3697391430,Data Scientist,Data Science / ML,Statistics
3697391430,Data Scientist,Data Science / ML,Data Visualization
3697391430,Data Scientist,Data Science / ML,Problem Solving
3697393859,Business Analyst,Business Analyst / BI,Excel
3697393859,Business Analyst,Business Analyst / BI,PowerPoint
3697393859,Business Analyst,Business Analyst / BI,Communication
3697395126,Software Engineer - Content Systems,Software Engineering,SQL
3697395126,Software Engineer - Content Systems,Software Engineering,Java
3697395126,Software Engineer - Content Systems,Software Engineering,JavaScript
3697395126,Software Engineer - Content Systems,Software Engineering,AWS
3697395126,Software Engineer - Content Systems,Software Engineering,Azure
3697395126,Software Engineer - Content Systems,Software Engineering,Google Cloud
3697395737,Supply Chain Data Analyst,Data Analyst,Excel
3697395900,Software Engineering Intern,Software Engineering,Python
3697395900,Software Engineering Intern,Software Engineering,JavaScript
3697395900,Software Engineering Intern,Software Engineering,Machine Learning
3697399519,ServiceNow CMDB Business Analyst,Business Analyst / BI,Communication
3698000140,Machine Learning Engineer - Notifications,Data Science / ML,Machine Learning
3698000140,Machine Learning Engineer - Notifications,Data Science / ML,Statistics
3698001169,Oracle Business Intelligence Analyst,Business Analyst / BI,SQL
3698001169,Oracle Business Intelligence Analyst,Business Analyst / BI,Data Visualization
3698001169,Oracle Business Intelligence Analyst,Business Analyst / BI,Communication
3698001169,Oracle Business Intelligence Analyst,Business Analyst / BI,Database
3699047159,Big Data Software Engineer W2 ONLY,Software Engineering,SQL
3699047159,Big Data Software Engineer W2 ONLY,Software Engineering,Python
3699047159,Big Data Software Engineer W2 ONLY,Software Engineering,Google Cloud
3699047159,Big Data Software Engineer W2 ONLY,Software Engineering,BigQuery
3699053783,Pharmacy Business & Analytics Coordinator,Analytics,Excel
3699053783,Pharmacy Business & Analytics Coordinator,Analytics,Tableau
3699053783,Pharmacy Business & Analytics Coordinator,Analytics,Power BI
3699053783,Pharmacy Business & Analytics Coordinator,Analytics,Data Visualization
3699053783,Pharmacy Business & Analytics Coordinator,Analytics,Communication
3699053783,Pharmacy Business & Analytics Coordinator,Analytics,Database
3699056650,Salesforce Business Analyst (Service Focused),Business Analyst / BI,Communication
3699056650,Salesforce Business Analyst (Service Focused),Business Analyst / BI,Problem Solving
3699056934,Genesys Software Engineer - Nationwide,Software Engineering,SQL
3699056934,Genesys Software Engineer - Nationwide,Software Engineering,Database
3699058364,Vulnerability Data Analyst,Data Analyst,SQL
3699058364,Vulnerability Data Analyst,Data Analyst,Python
3699058364,Vulnerability Data Analyst,Data Analyst,Excel
3699058364,Vulnerability Data Analyst,Data Analyst,Tableau
3699058364,Vulnerability Data Analyst,Data Analyst,Power BI
3699058364,Vulnerability Data Analyst,Data Analyst,JavaScript
3699058364,Vulnerability Data Analyst,Data Analyst,Data Visualization
3699058364,Vulnerability Data Analyst,Data Analyst,ETL
3699058364,Vulnerability Data Analyst,Data Analyst,PowerPoint
3699058364,Vulnerability Data Analyst,Data Analyst,Communication
3699058364,Vulnerability Data Analyst,Data Analyst,Problem Solving
3699058364,Vulnerability Data Analyst,Data Analyst,Database
3699061258,Genesys Software Engineer - Nationwide,Software Engineering,SQL
3699061258,Genesys Software Engineer - Nationwide,Software Engineering,Database
3699062109,Associate Analyst - Business Analytics,Analytics,SQL
3699062109,Associate Analyst - Business Analytics,Analytics,Python
3699062109,Associate Analyst - Business Analytics,Analytics,Excel
3699062109,Associate Analyst - Business Analytics,Analytics,Power BI
3699062109,Associate Analyst - Business Analytics,Analytics,Snowflake
3699062109,Associate Analyst - Business Analytics,Analytics,Statistics
3699062109,Associate Analyst - Business Analytics,Analytics,Data Visualization
3699062109,Associate Analyst - Business Analytics,Analytics,Communication
3699062109,Associate Analyst - Business Analytics,Analytics,Data Cleaning
3699075720,"Data Center Technician, Global Server Operations, Machine Learning",Data Science / ML,Machine Learning
3699077297,Software Engineer (PHP),Software Engineering,SQL
3699077297,Software Engineer (PHP),Software Engineering,Communication
3699077297,Software Engineer (PHP),Software Engineering,Problem Solving
3699079771,Business Analyst,Business Analyst / BI,SQL
3699079771,Business Analyst,Business Analyst / BI,Excel
3699079771,Business Analyst,Business Analyst / BI,Power BI
3699079771,Business Analyst,Business Analyst / BI,Data Visualization
3699079771,Business Analyst,Business Analyst / BI,Database
3699079863,"Full-Stack Software Engineer - Python, React (Any US COE location, Austin, TX | Irving, TX | Ft Myers, FL)",Software Engineering,SQL
3699079863,"Full-Stack Software Engineer - Python, React (Any US COE location, Austin, TX | Irving, TX | Ft Myers, FL)",Software Engineering,Python
3699079863,"Full-Stack Software Engineer - Python, React (Any US COE location, Austin, TX | Irving, TX | Ft Myers, FL)",Software Engineering,AWS
3699079863,"Full-Stack Software Engineer - Python, React (Any US COE location, Austin, TX | Irving, TX | Ft Myers, FL)",Software Engineering,Pandas
3699079863,"Full-Stack Software Engineer - Python, React (Any US COE location, Austin, TX | Irving, TX | Ft Myers, FL)",Software Engineering,NumPy
3699079863,"Full-Stack Software Engineer - Python, React (Any US COE location, Austin, TX | Irving, TX | Ft Myers, FL)",Software Engineering,Machine Learning
3699079863,"Full-Stack Software Engineer - Python, React (Any US COE location, Austin, TX | Irving, TX | Ft Myers, FL)",Software Engineering,Statistics
3699079863,"Full-Stack Software Engineer - Python, React (Any US COE location, Austin, TX | Irving, TX | Ft Myers, FL)",Software Engineering,Communication
3699079863,"Full-Stack Software Engineer - Python, React (Any US COE location, Austin, TX | Irving, TX | Ft Myers, FL)",Software Engineering,Problem Solving
3699079863,"Full-Stack Software Engineer - Python, React (Any US COE location, Austin, TX | Irving, TX | Ft Myers, FL)",Software Engineering,Database
3699081515,"Full-Stack Software Engineer - Python, React (Any US COE location, Austin, TX | Irving, TX | Ft Myers, FL)",Software Engineering,SQL
3699081515,"Full-Stack Software Engineer - Python, React (Any US COE location, Austin, TX | Irving, TX | Ft Myers, FL)",Software Engineering,Python
3699081515,"Full-Stack Software Engineer - Python, React (Any US COE location, Austin, TX | Irving, TX | Ft Myers, FL)",Software Engineering,AWS
3699081515,"Full-Stack Software Engineer - Python, React (Any US COE location, Austin, TX | Irving, TX | Ft Myers, FL)",Software Engineering,Pandas
3699081515,"Full-Stack Software Engineer - Python, React (Any US COE location, Austin, TX | Irving, TX | Ft Myers, FL)",Software Engineering,NumPy
3699081515,"Full-Stack Software Engineer - Python, React (Any US COE location, Austin, TX | Irving, TX | Ft Myers, FL)",Software Engineering,Machine Learning
3699081515,"Full-Stack Software Engineer - Python, React (Any US COE location, Austin, TX | Irving, TX | Ft Myers, FL)",Software Engineering,Statistics
3699081515,"Full-Stack Software Engineer - Python, React (Any US COE location, Austin, TX | Irving, TX | Ft Myers, FL)",Software Engineering,Communication
3699081515,"Full-Stack Software Engineer - Python, React (Any US COE location, Austin, TX | Irving, TX | Ft Myers, FL)",Software Engineering,Problem Solving
3699081515,"Full-Stack Software Engineer - Python, React (Any US COE location, Austin, TX | Irving, TX | Ft Myers, FL)",Software Engineering,Database
3699081651,Business Analyst Intern- Spring 2024,Business Analyst / BI,Communication
3699082125,"Full-Stack Software Engineer - Python, React (Any US COE location, Austin, TX | Irving, TX | Ft Myers, FL)",Software Engineering,SQL
3699082125,"Full-Stack Software Engineer - Python, React (Any US COE location, Austin, TX | Irving, TX | Ft Myers, FL)",Software Engineering,Python
3699082125,"Full-Stack Software Engineer - Python, React (Any US COE location, Austin, TX | Irving, TX | Ft Myers, FL)",Software Engineering,AWS
3699082125,"Full-Stack Software Engineer - Python, React (Any US COE location, Austin, TX | Irving, TX | Ft Myers, FL)",Software Engineering,Pandas
3699082125,"Full-Stack Software Engineer - Python, React (Any US COE location, Austin, TX | Irving, TX | Ft Myers, FL)",Software Engineering,NumPy
3699082125,"Full-Stack Software Engineer - Python, React (Any US COE location, Austin, TX | Irving, TX | Ft Myers, FL)",Software Engineering,Machine Learning
3699082125,"Full-Stack Software Engineer - Python, React (Any US COE location, Austin, TX | Irving, TX | Ft Myers, FL)",Software Engineering,Statistics
3699082125,"Full-Stack Software Engineer - Python, React (Any US COE location, Austin, TX | Irving, TX | Ft Myers, FL)",Software Engineering,Communication
3699082125,"Full-Stack Software Engineer - Python, React (Any US COE location, Austin, TX | Irving, TX | Ft Myers, FL)",Software Engineering,Problem Solving
3699082125,"Full-Stack Software Engineer - Python, React (Any US COE location, Austin, TX | Irving, TX | Ft Myers, FL)",Software Engineering,Database
3699083585,Software Developer,Software Engineering,SQL
3699083585,Software Developer,Software Engineering,Statistics
3699083585,Software Developer,Software Engineering,ETL
3699083585,Software Developer,Software Engineering,Database
3699084912,Python Developer,Developer,Python
3699084912,Python Developer,Developer,AWS
3699084912,Python Developer,Developer,ETL
3699085103,Data Scientist,Data Science / ML,SQL
3699085103,Data Scientist,Data Science / ML,Java
3699085103,Data Scientist,Data Science / ML,Machine Learning
3699085103,Data Scientist,Data Science / ML,Statistics
3699085103,Data Scientist,Data Science / ML,Data Visualization
3699085103,Data Scientist,Data Science / ML,Database
3699086066,Software Engineer,Software Engineering,Python
3699086066,Software Engineer,Software Engineering,Java
3699086066,Software Engineer,Software Engineering,JavaScript
3699086066,Software Engineer,Software Engineering,AWS
3699086066,Software Engineer,Software Engineering,Communication
3699087053,Embedded Software Engineer,Software Engineering,Python
3699087053,Embedded Software Engineer,Software Engineering,JavaScript
3699087053,Embedded Software Engineer,Software Engineering,Git
3699087053,Embedded Software Engineer,Software Engineering,Communication
3699089166,Software Engineer,Software Engineering,Python
3699089166,Software Engineer,Software Engineering,Java
3699089166,Software Engineer,Software Engineering,AWS
3699089166,Software Engineer,Software Engineering,Communication
3699089166,Software Engineer,Software Engineering,Database
3699089261,"Full Stack Software Engineer, ERP",Software Engineering,SQL
3699089261,"Full Stack Software Engineer, ERP",Software Engineering,Python
3699089261,"Full Stack Software Engineer, ERP",Software Engineering,JavaScript
3699089261,"Full Stack Software Engineer, ERP",Software Engineering,Git
3699089261,"Full Stack Software Engineer, ERP",Software Engineering,Database
3699098903,Financial Data Analyst (Python),Data Analyst,Python
3699098903,Financial Data Analyst (Python),Data Analyst,Excel
3699098903,Financial Data Analyst (Python),Data Analyst,Statistics
3699098903,Financial Data Analyst (Python),Data Analyst,Data Visualization
3699098903,Financial Data Analyst (Python),Data Analyst,SAS
3699098903,Financial Data Analyst (Python),Data Analyst,SPSS
3699098903,Financial Data Analyst (Python),Data Analyst,PowerPoint
3699098903,Financial Data Analyst (Python),Data Analyst,Communication
3699405298,Healthcare Data Analyst,Data Analyst,SQL
3699405298,Healthcare Data Analyst,Data Analyst,Azure
3699405298,Healthcare Data Analyst,Data Analyst,Statistics
3699405298,Healthcare Data Analyst,Data Analyst,Database
3699408684,Cloud Engineer - Security Analytics,Analytics,Python
3699408684,Cloud Engineer - Security Analytics,Analytics,Java
3699408684,Cloud Engineer - Security Analytics,Analytics,JavaScript
3699409510,Junior Business Analyst,Business Analyst / BI,Excel
3699409510,Junior Business Analyst,Business Analyst / BI,PowerPoint
3699409510,Junior Business Analyst,Business Analyst / BI,Communication
3699411457,Cloud Engineer - Security Analytics,Analytics,Python
3699411457,Cloud Engineer - Security Analytics,Analytics,Java
3699411457,Cloud Engineer - Security Analytics,Analytics,JavaScript
3699412356,Machine Learning Engineer 5,Data Science / ML,Python
3699412356,Machine Learning Engineer 5,Data Science / ML,AWS
3699412356,Machine Learning Engineer 5,Data Science / ML,Communication
3699412356,Machine Learning Engineer 5,Data Science / ML,Database
3699412357,Machine Learning Engineer 5,Data Science / ML,Python
3699412357,Machine Learning Engineer 5,Data Science / ML,AWS
3699412357,Machine Learning Engineer 5,Data Science / ML,Communication
3699412357,Machine Learning Engineer 5,Data Science / ML,Database
3699413326,ERP Business Analyst,Business Analyst / BI,SQL
3699413326,ERP Business Analyst,Business Analyst / BI,Excel
3699413326,ERP Business Analyst,Business Analyst / BI,Communication
3699413326,ERP Business Analyst,Business Analyst / BI,Problem Solving
3699415583,"President, Platforms and Software Engineering",Software Engineering,Communication
3699417053,Software Engineer,Software Engineering,Excel
3699417053,Software Engineer,Software Engineering,Machine Learning
3699417731,"Software/Data Engineer, NA Integrated Analytics (2024 New Grad - New York)",Analytics,SQL
3699417731,"Software/Data Engineer, NA Integrated Analytics (2024 New Grad - New York)",Analytics,Python
3699417731,"Software/Data Engineer, NA Integrated Analytics (2024 New Grad - New York)",Analytics,Azure
3699417731,"Software/Data Engineer, NA Integrated Analytics (2024 New Grad - New York)",Analytics,Git
3699417731,"Software/Data Engineer, NA Integrated Analytics (2024 New Grad - New York)",Analytics,Machine Learning
3699417731,"Software/Data Engineer, NA Integrated Analytics (2024 New Grad - New York)",Analytics,ETL
3699417731,"Software/Data Engineer, NA Integrated Analytics (2024 New Grad - New York)",Analytics,Communication
3699417731,"Software/Data Engineer, NA Integrated Analytics (2024 New Grad - New York)",Analytics,Database
3699418812,Business Analyst,Business Analyst / BI,Data Visualization
3699418812,Business Analyst,Business Analyst / BI,Communication
3699418812,Business Analyst,Business Analyst / BI,Database
3699419809,Business Analyst,Business Analyst / BI,Data Visualization
3699419809,Business Analyst,Business Analyst / BI,Communication
3699419809,Business Analyst,Business Analyst / BI,Database
3699423120,Business Analyst,Business Analyst / BI,Data Visualization
3699423120,Business Analyst,Business Analyst / BI,Communication
3699423120,Business Analyst,Business Analyst / BI,Database
3699426457,"Software Engineer, Global Payment",Software Engineering,Python
3699426457,"Software Engineer, Global Payment",Software Engineering,Java
3699426457,"Software Engineer, Global Payment",Software Engineering,Communication
3699426457,"Software Engineer, Global Payment",Software Engineering,Database
3699427629,Software Developer,Software Engineering,Java
3699427629,Software Developer,Software Engineering,JavaScript
3699431844,Java Software Engineer,Software Engineering,Excel
3699431844,Java Software Engineer,Software Engineering,Java
3699431844,Java Software Engineer,Software Engineering,JavaScript
3699431844,Java Software Engineer,Software Engineering,Google Cloud
3699434194,Specialist - Software Engineering,Software Engineering,JavaScript
3699434194,Specialist - Software Engineering,Software Engineering,Git
3699434194,Specialist - Software Engineering,Software Engineering,Communication
3700554640,Full-Stack Software Engineer,Software Engineering,SQL
3700554640,Full-Stack Software Engineer,Software Engineering,Java
3700554640,Full-Stack Software Engineer,Software Engineering,JavaScript
3700554640,Full-Stack Software Engineer,Software Engineering,Data Visualization
3700554640,Full-Stack Software Engineer,Software Engineering,Database
3701154588,Eligibility Data Analyst # 3219,Data Analyst,Communication
3701154588,Eligibility Data Analyst # 3219,Data Analyst,Data Cleaning
3701154588,Eligibility Data Analyst # 3219,Data Analyst,Database
3701192564,Software Developer / Cloud Engineer,Software Engineering,AWS
3701192564,Software Developer / Cloud Engineer,Software Engineering,Communication
3701192564,Software Developer / Cloud Engineer,Software Engineering,Database
3701196929,Master Data Analyst ,Data Analyst,SQL
3701196929,Master Data Analyst ,Data Analyst,Communication
3701196929,Master Data Analyst ,Data Analyst,Problem Solving
3701196929,Master Data Analyst ,Data Analyst,Database
3701197926,Angular Software Engineer,Software Engineering,Python
3701197926,Angular Software Engineer,Software Engineering,Java
3701197926,Angular Software Engineer,Software Engineering,JavaScript
3701198711,Mentor - Machine Learning Career Track (Part-time/Contract),Data Science / ML,SQL
3701198711,Mentor - Machine Learning Career Track (Part-time/Contract),Data Science / ML,Python
3701198711,Mentor - Machine Learning Career Track (Part-time/Contract),Data Science / ML,AWS
3701198711,Mentor - Machine Learning Career Track (Part-time/Contract),Data Science / ML,Azure
3701198711,Mentor - Machine Learning Career Track (Part-time/Contract),Data Science / ML,Google Cloud
3701198711,Mentor - Machine Learning Career Track (Part-time/Contract),Data Science / ML,Pandas
3701198711,Mentor - Machine Learning Career Track (Part-time/Contract),Data Science / ML,Machine Learning
3701198711,Mentor - Machine Learning Career Track (Part-time/Contract),Data Science / ML,Communication
3701198711,Mentor - Machine Learning Career Track (Part-time/Contract),Data Science / ML,Data Cleaning
3701198711,Mentor - Machine Learning Career Track (Part-time/Contract),Data Science / ML,Database
3701199444,Business Analyst,Business Analyst / BI,Problem Solving
3701300098,Software Engineer 3,Software Engineering,Java
3701300098,Software Engineer 3,Software Engineering,Azure
3701300098,Software Engineer 3,Software Engineering,Google Cloud
3701300098,Software Engineer 3,Software Engineering,Problem Solving
3701300098,Software Engineer 3,Software Engineering,Database
3701301261,Salesforce Communication Cloud Business Analyst,Business Analyst / BI,Communication
3701301955,Business Intelligence Analyst,Business Analyst / BI,Python
3701301955,Business Intelligence Analyst,Business Analyst / BI,Statistics
3701301955,Business Intelligence Analyst,Business Analyst / BI,PowerPoint
3701302210,Salesforce (Omnichannel) Business Analyst (100% Remote),Business Analyst / BI,Communication
3701302764,Business Intelligence Analyst,Business Analyst / BI,Python
3701302764,Business Intelligence Analyst,Business Analyst / BI,R
3701302764,Business Intelligence Analyst,Business Analyst / BI,Statistics
3701302764,Business Intelligence Analyst,Business Analyst / BI,PowerPoint
3701303043,BI SQL Developer,Developer,SQL
3701303043,BI SQL Developer,Developer,Tableau
3701303043,BI SQL Developer,Developer,Snowflake
3701303043,BI SQL Developer,Developer,Data Visualization
3701303043,BI SQL Developer,Developer,Communication
3701303043,BI SQL Developer,Developer,Database
3701303080,"Wholesale Business Analyst - Montvale, NJ (Hybrid)",Business Analyst / BI,SQL
3701303080,"Wholesale Business Analyst - Montvale, NJ (Hybrid)",Business Analyst / BI,Excel
3701303080,"Wholesale Business Analyst - Montvale, NJ (Hybrid)",Business Analyst / BI,Data Visualization
3701303080,"Wholesale Business Analyst - Montvale, NJ (Hybrid)",Business Analyst / BI,Database
3701304516,Software Engineer,Software Engineering,Python
3701304516,Software Engineer,Software Engineering,Java
3701304516,Software Engineer,Software Engineering,Communication
3701305967,Business Intelligence Analyst,Business Analyst / BI,Power BI
3701305967,Business Intelligence Analyst,Business Analyst / BI,Data Visualization
3701307311,Java Developer,Developer,SQL
3701307311,Java Developer,Developer,Java
3701307311,Java Developer,Developer,JavaScript
3701307311,Java Developer,Developer,Communication
3701307311,Java Developer,Developer,Problem Solving
3701308803,Data Analyst - Remote / Contract,Data Analyst,SQL
3701308803,Data Analyst - Remote / Contract,Data Analyst,Tableau
3701308803,Data Analyst - Remote / Contract,Data Analyst,Power BI
3701308803,Data Analyst - Remote / Contract,Data Analyst,Statistics
3701308803,Data Analyst - Remote / Contract,Data Analyst,Data Visualization
3701308803,Data Analyst - Remote / Contract,Data Analyst,ETL
3701308803,Data Analyst - Remote / Contract,Data Analyst,BigQuery
3701308803,Data Analyst - Remote / Contract,Data Analyst,Communication
3701312029,Long Term Contract - Business Intelligence Analyst (Hybrid),Business Analyst / BI,SQL
3701312029,Long Term Contract - Business Intelligence Analyst (Hybrid),Business Analyst / BI,Python
3701312029,Long Term Contract - Business Intelligence Analyst (Hybrid),Business Analyst / BI,Excel
3701312029,Long Term Contract - Business Intelligence Analyst (Hybrid),Business Analyst / BI,Power BI
3701312029,Long Term Contract - Business Intelligence Analyst (Hybrid),Business Analyst / BI,Alteryx
3701312029,Long Term Contract - Business Intelligence Analyst (Hybrid),Business Analyst / BI,Communication
3701312029,Long Term Contract - Business Intelligence Analyst (Hybrid),Business Analyst / BI,Problem Solving
3701314896,Full Stack Software Developer (React & Redux) - 100% Remote,Software Engineering,SQL
3701314896,Full Stack Software Developer (React & Redux) - 100% Remote,Software Engineering,AWS
3701314896,Full Stack Software Developer (React & Redux) - 100% Remote,Software Engineering,Azure
3701314896,Full Stack Software Developer (React & Redux) - 100% Remote,Software Engineering,Communication
3701314896,Full Stack Software Developer (React & Redux) - 100% Remote,Software Engineering,Database
3701315349,Software Engineer,Software Engineering,Excel
3701315349,Software Engineer,Software Engineering,JavaScript
3701315349,Software Engineer,Software Engineering,PowerPoint
3701315349,Software Engineer,Software Engineering,Communication
3701315406,"RPA Developer, Business Operations & Data Analytics",Analytics,SQL
3701315406,"RPA Developer, Business Operations & Data Analytics",Analytics,Python
3701315406,"RPA Developer, Business Operations & Data Analytics",Analytics,Tableau
3701315406,"RPA Developer, Business Operations & Data Analytics",Analytics,Power BI
3701315406,"RPA Developer, Business Operations & Data Analytics",Analytics,Statistics
3701315406,"RPA Developer, Business Operations & Data Analytics",Analytics,Alteryx
3701315406,"RPA Developer, Business Operations & Data Analytics",Analytics,Communication
3701315560,Software Engineer - Database Engineering (San Mateo),Software Engineering,SQL
3701315560,Software Engineer - Database Engineering (San Mateo),Software Engineering,Java
3701315560,Software Engineer - Database Engineering (San Mateo),Software Engineering,Snowflake
3701315560,Software Engineer - Database Engineering (San Mateo),Software Engineering,Problem Solving
3701315560,Software Engineer - Database Engineering (San Mateo),Software Engineering,Database
3701318091,Software Engineer - Database Engineering (Seattle),Software Engineering,SQL
3701318091,Software Engineer - Database Engineering (Seattle),Software Engineering,Java
3701318091,Software Engineer - Database Engineering (Seattle),Software Engineering,Snowflake
3701318091,Software Engineer - Database Engineering (Seattle),Software Engineering,Problem Solving
3701318091,Software Engineer - Database Engineering (Seattle),Software Engineering,Database
3701319093,Business Analyst – Entry Level,Business Analyst / BI,Communication
3701320040,Pricing Data Analyst,Data Analyst,Excel
3701320040,Pricing Data Analyst,Data Analyst,Tableau
3701320040,Pricing Data Analyst,Data Analyst,Communication
3701320912,"Associate Software Engineer (Python, API, Serverless)",Software Engineering,SQL
3701320912,"Associate Software Engineer (Python, API, Serverless)",Software Engineering,Python
3701320912,"Associate Software Engineer (Python, API, Serverless)",Software Engineering,AWS
3701320912,"Associate Software Engineer (Python, API, Serverless)",Software Engineering,Azure
3701320912,"Associate Software Engineer (Python, API, Serverless)",Software Engineering,Google Cloud
3701320912,"Associate Software Engineer (Python, API, Serverless)",Software Engineering,Communication
3701320912,"Associate Software Engineer (Python, API, Serverless)",Software Engineering,Database
3701321355,Proposal Coordinator / Business Analyst,Business Analyst / BI,Excel
3701321355,Proposal Coordinator / Business Analyst,Business Analyst / BI,PowerPoint
3701322385,Data Analyst ,Data Analyst,Problem Solving
3701322816,Software Engineer,Software Engineering,SQL
3701322816,Software Engineer,Software Engineering,Python
3701322816,Software Engineer,Software Engineering,JavaScript
3701322816,Software Engineer,Software Engineering,AWS
3701322816,Software Engineer,Software Engineering,Database
3701323341,Basel Business Analyst,Business Analyst / BI,SQL
3701323341,Basel Business Analyst,Business Analyst / BI,Excel
3701323341,Basel Business Analyst,Business Analyst / BI,Database
3701323681,Java Developer - W2 ONLY,Developer,SQL
3701323681,Java Developer - W2 ONLY,Developer,Java
3701323681,Java Developer - W2 ONLY,Developer,Git
3701323681,Java Developer - W2 ONLY,Developer,Database
3701323737,Business Analyst/Data Remediation,Business Analyst / BI,Excel
3701323737,Business Analyst/Data Remediation,Business Analyst / BI,PowerPoint
3701323737,Business Analyst/Data Remediation,Business Analyst / BI,Communication
3701327313,Business Analytics Consultant- Revenue Cycle,Analytics,SQL
3701327313,Business Analytics Consultant- Revenue Cycle,Analytics,SAS
3701327313,Business Analytics Consultant- Revenue Cycle,Analytics,Database
3701330202,Java Developer ,Developer,Java
3701332088,Java Developer with Payment,Developer,SQL
3701332088,Java Developer with Payment,Developer,Java
3701332088,Java Developer with Payment,Developer,Communication
3701332088,Java Developer with Payment,Developer,Database
3701333402,Business Analyst - Cost Ctrl,Business Analyst / BI,Excel
3701333402,Business Analyst - Cost Ctrl,Business Analyst / BI,Statistics
3701359585,RCM Data Analyst,Data Analyst,SQL
3701359585,RCM Data Analyst,Data Analyst,Excel
3701359585,RCM Data Analyst,Data Analyst,Tableau
3701359585,RCM Data Analyst,Data Analyst,Statistics
3701359585,RCM Data Analyst,Data Analyst,Data Visualization
3701359585,RCM Data Analyst,Data Analyst,SAS
3701359585,RCM Data Analyst,Data Analyst,Alteryx
3701359585,RCM Data Analyst,Data Analyst,Communication
3701359585,RCM Data Analyst,Data Analyst,Problem Solving
3701361733,Medicare Enrollment Business Analyst,Business Analyst / BI,Excel
3701361733,Medicare Enrollment Business Analyst,Business Analyst / BI,Communication
3701363755,Business Analyst,Business Analyst / BI,Communication
3701363755,Business Analyst,Business Analyst / BI,Database
3701365741,HR Intern: Global DEI Analytics,Analytics,R
3701365741,HR Intern: Global DEI Analytics,Analytics,Statistics
3701365741,HR Intern: Global DEI Analytics,Analytics,Data Visualization
3701365741,HR Intern: Global DEI Analytics,Analytics,Database
3701368586,Software Engineer Graduate (TikTok Short Video) - 2024 Start (BS/MS/PhD),Software Engineering,Python
3701368586,Software Engineer Graduate (TikTok Short Video) - 2024 Start (BS/MS/PhD),Software Engineering,Java
3701369019,Legal Student Employee - Operations & Data Analyst,Data Analyst,Database
3701369419,Software Engineer,Software Engineering,SQL
3701369419,Software Engineer,Software Engineering,Database
3701369719,"Software Engineer, Machine Learning - Reality Labs",Data Science / ML,Python
3701369719,"Software Engineer, Machine Learning - Reality Labs",Data Science / ML,Java
3701369719,"Software Engineer, Machine Learning - Reality Labs",Data Science / ML,Machine Learning
3701369746,Data Scientist / Operations Research Analyst,Data Science / ML,Python
3701369746,Data Scientist / Operations Research Analyst,Data Science / ML,Pandas
3701369746,Data Scientist / Operations Research Analyst,Data Science / ML,NumPy
3701369746,Data Scientist / Operations Research Analyst,Data Science / ML,Machine Learning
3701369746,Data Scientist / Operations Research Analyst,Data Science / ML,Statistics
3701369746,Data Scientist / Operations Research Analyst,Data Science / ML,Data Visualization
3701369746,Data Scientist / Operations Research Analyst,Data Science / ML,SAS
3701369746,Data Scientist / Operations Research Analyst,Data Science / ML,SPSS
3701369746,Data Scientist / Operations Research Analyst,Data Science / ML,Database
3701371687,"Software Engineer, Machine Learning - Reality Labs",Data Science / ML,Python
3701371687,"Software Engineer, Machine Learning - Reality Labs",Data Science / ML,Java
3701371687,"Software Engineer, Machine Learning - Reality Labs",Data Science / ML,Machine Learning
3701372446,OCM Data Analyst (Remote),Data Analyst,Power BI
3701372446,OCM Data Analyst (Remote),Data Analyst,Statistics
3701372446,OCM Data Analyst (Remote),Data Analyst,ETL
3701372446,OCM Data Analyst (Remote),Data Analyst,Communication
3701372446,OCM Data Analyst (Remote),Data Analyst,Data Cleaning
3701372446,OCM Data Analyst (Remote),Data Analyst,Database
