job_id,title,role_category,skill_abr
3634090513,Software Engineer,Software Engineering,ENG
3634090513,Software Engineer,Software Engineering,IT
3690835135,Enterprise Business Analyst,Business Analyst / BI,SALE
3690835135,Enterprise Business Analyst,Business Analyst / BI,FIN
3690835135,Enterprise Business Analyst,Business Analyst / BI,PRJM
3692302089,Data Scientist/ Product Analyst ,Data Science / ML,IT
3692362963,Software Engineer- Graphics Designer,Software Engineering,DSGN
3692362963,Software Engineer- Graphics Designer,Software Engineering,ART
3692362963,Software Engineer- Graphics Designer,Software Engineering,IT
3692363778,Data Analytics Consultant,Analytics,RSCH
3692363778,Data Analytics Consultant,Analytics,ANLS
3692363778,Data Analytics Consultant,Analytics,IT
3692370024,IBM TM1 / Planning Analytics Consultants,Analytics,IT
3692370024,IBM TM1 / Planning Analytics Consultants,Analytics,FIN
3692370024,IBM TM1 / Planning Analytics Consultants,Analytics,CNSL
3693043814,Business Analyst,Business Analyst / BI,RSCH
3693043814,Business Analyst,Business Analyst / BI,ANLS
3693043814,Business Analyst,Business Analyst / BI,IT
3693043848,Data Analyst,Data Analyst,IT
3693043848,Data Analyst,Data Analyst,ANLS
3693043848,Data Analyst,Data Analyst,QA
3693043900,Salesforce business Analyst only Local,Business Analyst / BI,
3693043925,Business Analyst- Healthcare,Business Analyst / BI,RSCH
3693043925,Business Analyst- Healthcare,Business Analyst / BI,ANLS
3693043925,Business Analyst- Healthcare,Business Analyst / BI,IT
3693043932,Software Engineer in Test,Software Engineering,ENG
3693043932,Software Engineer in Test,Software Engineering,IT
3693044299,Data Analyst,Data Analyst,IT
3693044310,C++ Software Engineer,Software Engineering,IT
3693044310,C++ Software Engineer,Software Engineering,ENG
3693044317,PL/SQL Developer,Developer,ENG
3693044317,PL/SQL Developer,Developer,IT
3693044376,Business Analyst,Business Analyst / BI,RSCH
3693044376,Business Analyst,Business Analyst / BI,ANLS
3693044376,Business Analyst,Business Analyst / BI,IT
3693044444,Java Developer (Only W2),Developer,
3693044448,Business Analyst - W2 Only,Business Analyst / BI,RSCH
3693044448,Business Analyst - W2 Only,Business Analyst / BI,ANLS
3693044448,Business Analyst - W2 Only,Business Analyst / BI,IT
3693044762,"Business Analyst, Property  ",Business Analyst / BI,ANLS
3693044762,"Business Analyst, Property  ",Business Analyst / BI,ADM
3693044762,"Business Analyst, Property  ",Business Analyst / BI,PRDM
3693044773,Java Software Engineer,Software Engineering,ENG
3693044773,Java Software Engineer,Software Engineering,IT
3693044837,Business Data Analyst,Data Analyst,IT
3693045241,Software Engineer [72302],Software Engineering,IT
3693045241,Software Engineer [72302],Software Engineering,ENG
3693045603,Data Scientist,Data Science / ML,ENG
3693045603,Data Scientist,Data Science / ML,IT
3693045676,Java Software Engineer,Software Engineering,ENG
3693045676,Java Software Engineer,Software Engineering,IT
3693046241,Data Engineer/SQL Developer,Developer,
3693046302,Business Intelligence Developer,Business Analyst / BI,IT
3693046308,"Wholesale Business Analyst - Montvale, NJ (Hybrid)",Business Analyst / BI,
3693046316,Gaming Business Analyst ,Business Analyst / BI,IT
3693046364,Backend Java Developer,Developer,ENG
3693046364,Backend Java Developer,Developer,IT
3693046487,Data Analyst,Data Analyst,ANLS
3693046569,Data Scientist – (Remote),Data Science / ML,PRJM
3693046569,Data Scientist – (Remote),Data Science / ML,IT
3693046569,Data Scientist – (Remote),Data Science / ML,QA
3693046636,java developer W2,Developer,ENG
3693046636,java developer W2,Developer,IT
3693046814,ServiceNow Business Analyst,Business Analyst / BI,RSCH
3693046814,ServiceNow Business Analyst,Business Analyst / BI,ANLS
3693046814,ServiceNow Business Analyst,Business Analyst / BI,IT
3693046938,SQL Developer || Hybrid(Across USA) || W2 only,Developer,IT
3693047014,Data Analyst,Data Analyst,IT
3693047544,Data Scientists / AIML Engineer,Data Science / ML,BD
3693047544,Data Scientists / AIML Engineer,Data Science / ML,SALE
3693047702,"Marketing Sciences, Data Scientist",Data Science / ML,ANLS
3693047702,"Marketing Sciences, Data Scientist",Data Science / ML,STRA
3693047702,"Marketing Sciences, Data Scientist",Data Science / ML,PRDM
3693047703,Machine Learning Engineer,Data Science / ML,ENG
3693047703,Machine Learning Engineer,Data Science / ML,IT
3693048213,EDI Business Analyst,Business Analyst / BI,IT
3693048446,Business Analysts with Logistics Management,Business Analyst / BI,IT
3693048470,Python Developer,Developer,ENG
3693048470,Python Developer,Developer,IT
3693048705,SOFTWARE ENGINEER- JPOS,Software Engineering,IT
3693048744,Business Analyst,Business Analyst / BI,RSCH
3693048744,Business Analyst,Business Analyst / BI,ANLS
3693048744,Business Analyst,Business Analyst / BI,IT
3693048882,Advisor Business Analyst,Business Analyst / BI,RSCH
3693048882,Advisor Business Analyst,Business Analyst / BI,ANLS
3693048882,Advisor Business Analyst,Business Analyst / BI,IT
3693049194,Software Developer (Azure / .NET),Software Engineering,IT
3693049290,Business Analyst,Business Analyst / BI,IT
3693049413,Junior Software Engineer,Software Engineering,IT
3693049706,Data Analyst,Data Analyst,IT
3693049706,Data Analyst,Data Analyst,ANLS
3693049941,SQL Developer,Developer,IT
3693050094,Murex Business Analyst,Business Analyst / BI,RSCH
3693050094,Murex Business Analyst,Business Analyst / BI,ANLS
3693050094,Murex Business Analyst,Business Analyst / BI,IT
3693050150,Java developer,Developer,IT
3693050194,Software Engineer,Software Engineering,ENG
3693050194,Software Engineer,Software Engineering,IT
3693050208,Telecom Business Analyst  (Telecom Domain with Root Cause Experience ),Business Analyst / BI,
3693050467,Software Engineer,Software Engineering,ENG
3693050467,Software Engineer,Software Engineering,IT
3693050565,Business Analyst/ Tableau Developer,Business Analyst / BI,
3693050917,Data Analyst,Data Analyst,IT
3693050995,Data Analyst,Data Analyst,IT
3693051005,Salesforce Business analyst (Marketing cloud),Business Analyst / BI,BD
3693051005,Salesforce Business analyst (Marketing cloud),Business Analyst / BI,SALE
3693051072,Power BI Data Analyst – (Remote),Data Analyst,PRJM
3693051072,Power BI Data Analyst – (Remote),Data Analyst,IT
3693051072,Power BI Data Analyst – (Remote),Data Analyst,QA
3693051124,Salesforce Business Analyst,Business Analyst / BI,IT
3693051492,Business Analyst,Business Analyst / BI,RSCH
3693051492,Business Analyst,Business Analyst / BI,ANLS
3693051492,Business Analyst,Business Analyst / BI,IT
3693051742,Embedded Software Engineer,Software Engineering,ENG
3693051742,Embedded Software Engineer,Software Engineering,IT
3693051829,Python Developer,Developer,ENG
3693051829,Python Developer,Developer,IT
3693052149,Marketing Analytics Coordinator,Analytics,MRKT
3693052149,Marketing Analytics Coordinator,Analytics,ANLS
3693052149,Marketing Analytics Coordinator,Analytics,ADVR
3693052150,Data Scientist,Data Science / ML,ENG
3693052150,Data Scientist,Data Science / ML,IT
3693052152,Business Intelligence Analyst,Business Analyst / BI,RSCH
3693052152,Business Intelligence Analyst,Business Analyst / BI,ANLS
3693052152,Business Intelligence Analyst,Business Analyst / BI,IT
3693052211,Business Analyst,Business Analyst / BI,IT
3693052354,REMOTE - Servicenow Business Analyst ,Business Analyst / BI,BD
3693052354,REMOTE - Servicenow Business Analyst ,Business Analyst / BI,SALE
3693052511,DHT - Front-End Software Engineer,Software Engineering,IT
3693053002,Global Digital Business Analyst,Business Analyst / BI,BD
3693053002,Global Digital Business Analyst,Business Analyst / BI,SALE
3693053007,Business Analyst,Business Analyst / BI,RSCH
3693053007,Business Analyst,Business Analyst / BI,ANLS
3693053007,Business Analyst,Business Analyst / BI,IT
3693053065,Salesforce Business Analyst,Business Analyst / BI,ENG
3693053065,Salesforce Business Analyst,Business Analyst / BI,IT
3693053166,Data Scientist,Data Science / ML,ENG
3693053166,Data Scientist,Data Science / ML,IT
3693053380,Application Software Engineering V,Software Engineering,IT
3693053423,Software Engineer,Software Engineering,IT
3693054174,Mid-Level Java Developer(3-4 years),Developer,
3693054182,Java and Python Developer,Developer,
3693054269,Software Engineer,Software Engineering,IT
3693055046,IT Data Analytics Analyst,Analytics,IT
3693055168,Text Data Labeling Analyst - Machine Learning (Hybrid Role 1 Day a week Onsite) ,Data Science / ML,ENG
3693055168,Text Data Labeling Analyst - Machine Learning (Hybrid Role 1 Day a week Onsite) ,Data Science / ML,IT
3693055182,Business Analyst,Business Analyst / BI,RSCH
3693055182,Business Analyst,Business Analyst / BI,ANLS
3693055182,Business Analyst,Business Analyst / BI,IT
3693056161,Data Analytics Engineer,Analytics,IT
3693057178,Software Engineer,Software Engineering,IT
3693057212,Python Developer,Developer,ENG
3693057212,Python Developer,Developer,IT
3693060993,Software Engineer Dev Ops,Software Engineering,ENG
3693060993,Software Engineer Dev Ops,Software Engineering,IT
3693061969,Business Analyst With Salesforce PRM,Business Analyst / BI,
3693062940,Software Engineer Dev Ops,Software Engineering,ENG
3693062940,Software Engineer Dev Ops,Software Engineering,IT
3693063985,Associate Data Analyst - Analytics and Insights,Data Analyst,IT
3693063985,Associate Data Analyst - Analytics and Insights,Data Analyst,PRJM
3693063985,Associate Data Analyst - Analytics and Insights,Data Analyst,MGMT
3693064723,Business Analyst with Telecom Promos,Business Analyst / BI,RSCH
3693064723,Business Analyst with Telecom Promos,Business Analyst / BI,ANLS
3693064723,Business Analyst with Telecom Promos,Business Analyst / BI,IT
3693064864,Business Analyst V,Business Analyst / BI,BD
3693064864,Business Analyst V,Business Analyst / BI,HR
3693064864,Business Analyst V,Business Analyst / BI,OTHR
3693065693,Software Engineer,Software Engineering,ENG
3693065693,Software Engineer,Software Engineering,IT
3693065781,Business Analyst - Marketing,Business Analyst / BI,IT
3693065781,Business Analyst - Marketing,Business Analyst / BI,ANLS
3693065781,Business Analyst - Marketing,Business Analyst / BI,STRA
3693066747,Java Developer,Developer,ENG
3693066747,Java Developer,Developer,IT
3693067545,Java Software Engineer,Software Engineering,ENG
3693067545,Java Software Engineer,Software Engineering,IT
3693067551,Engineering Business Analyst,Business Analyst / BI,RSCH
3693067551,Engineering Business Analyst,Business Analyst / BI,ANLS
3693067551,Engineering Business Analyst,Business Analyst / BI,IT
3693067587,Java Developer,Developer,ENG
3693067587,Java Developer,Developer,IT
3693067630,Machine Learning Engineer,Data Science / ML,ENG
3693067630,Machine Learning Engineer,Data Science / ML,IT
3693067744,Software Engineer,Software Engineering,ENG
3693067744,Software Engineer,Software Engineering,IT
3693067760,Python Developer,Developer,ENG
3693067760,Python Developer,Developer,IT
3693068307,Entry Level Data Analyst,Data Analyst,IT
3693069014,Data Analytics Specialist,Analytics,ANLS
3693069022,Software Engineer,Software Engineering,ENG
3693069022,Software Engineer,Software Engineering,IT
3693069065,Software Engineer I,Software Engineering,ENG
3693069065,Software Engineer I,Software Engineering,IT
3693069263,Software Engineer I - Remote,Software Engineering,ENG
3693069263,Software Engineer I - Remote,Software Engineering,IT
3693069371,Application Software Engineer,Software Engineering,ENG
3693069371,Application Software Engineer,Software Engineering,IT
3693069638,Google Analytics Analyst,Analytics,ANLS
3693069638,Google Analytics Analyst,Analytics,MRKT
3693069638,Google Analytics Analyst,Analytics,STRA
3693069707,Software Developer,Software Engineering,FIN
3693069707,Software Developer,Software Engineering,STRA
3693070378,"Business Analyst, AHS Help Desk",Business Analyst / BI,GENB
3693070378,"Business Analyst, AHS Help Desk",Business Analyst / BI,MGMT
3693070378,"Business Analyst, AHS Help Desk",Business Analyst / BI,STRA
3693070651,Software Engineer,Software Engineering,ENG
3693070651,Software Engineer,Software Engineering,IT
3693071184,Data Analyst,Data Analyst,IT
3693072155,"Business Analyst, Relay Mobile",Business Analyst / BI,STRA
3693072155,"Business Analyst, Relay Mobile",Business Analyst / BI,ANLS
3693072155,"Business Analyst, Relay Mobile",Business Analyst / BI,IT
3693073120,"Software Engineer, Pharmacy Fulfillment",Software Engineering,IT
3693073120,"Software Engineer, Pharmacy Fulfillment",Software Engineering,CNSL
3693073120,"Software Engineer, Pharmacy Fulfillment",Software Engineering,ENG
3693073631,SAP Business Analyst – PP/QM,Business Analyst / BI,IT
3693074335,Database Analyst,Other Tech/Data,IT
3693074456,Java Software Engineer,Software Engineering,ENG
3693074456,Java Software Engineer,Software Engineering,IT
3693075107,SQL Developer,Developer,IT
3693580975,Business Intelligence Consulting Intern - Summer 2024,Business Analyst / BI,CNSL
3693580975,Business Intelligence Consulting Intern - Summer 2024,Business Analyst / BI,IT
3693580975,Business Intelligence Consulting Intern - Summer 2024,Business Analyst / BI,SALE
3693581751,"Specialist, Investment Analytics",Analytics,ANLS
3693581751,"Specialist, Investment Analytics",Analytics,FIN
3693581751,"Specialist, Investment Analytics",Analytics,ACCT
3693583691,"Software Engineering Intern - Summer 2024 - Seattle, WA",Software Engineering,ENG
3693583691,"Software Engineering Intern - Summer 2024 - Seattle, WA",Software Engineering,IT
3693583801,"Deputy Chief Product Group, Software Engineer, UI/UX &amp; Agile",Software Engineering,ENG
3693583801,"Deputy Chief Product Group, Software Engineer, UI/UX &amp; Agile",Software Engineering,IT
3693583847,Data Scientist,Data Science / ML,ENG
3693583847,Data Scientist,Data Science / ML,IT
3693583972,Software Engineer,Software Engineering,CNSL
3693583972,Software Engineer,Software Engineering,ENG
3693583972,Software Engineer,Software Engineering,QA
3693584721,Associate Software Engineer,Software Engineering,ENG
3693584721,Associate Software Engineer,Software Engineering,IT
3693584769,Data Scientist- AD Tech,Data Science / ML,IT
3693585731,Project Software Engineer,Software Engineering,ENG
3693585731,Project Software Engineer,Software Engineering,IT
3693586589,Frontend Web Developer (Machine Learning),Data Science / ML,ENG
3693586589,Frontend Web Developer (Machine Learning),Data Science / ML,IT
3693586635,Software Engineer,Software Engineering,IT
3693586957,Software Engineer,Software Engineering,CNSL
3693586957,Software Engineer,Software Engineering,ENG
3693586957,Software Engineer,Software Engineering,QA
3693587183,"Analyst, Vendor Analytics",Analytics,BD
3693587183,"Analyst, Vendor Analytics",Analytics,SALE
3693587414,Software Engineer,Software Engineering,ENG
3693587414,Software Engineer,Software Engineering,IT
3693587419,Software Engineer | Boston | On Site ,Software Engineering,PRJM
3693587419,Software Engineer | Boston | On Site ,Software Engineering,DSGN
3693587419,Software Engineer | Boston | On Site ,Software Engineering,MGMT
3693587445,JDE Business Analyst,Business Analyst / BI,
3693588071,Software Engineer (SE-2301),Software Engineering,ENG
3693588071,Software Engineer (SE-2301),Software Engineering,IT
3693590022,Business Intelligence Analyst,Business Analyst / BI,IT
3693590022,Business Intelligence Analyst,Business Analyst / BI,ANLS
3693591066,JD Edwards Business Analyst,Business Analyst / BI,ENG
3693591066,JD Edwards Business Analyst,Business Analyst / BI,IT
3693592002,Software Engineer,Software Engineering,CNSL
3693592002,Software Engineer,Software Engineering,ENG
3693592002,Software Engineer,Software Engineering,QA
3693597495,Business Intelligence Engineer,Business Analyst / BI,STRA
3693597495,Business Intelligence Engineer,Business Analyst / BI,ANLS
3693597495,Business Intelligence Engineer,Business Analyst / BI,IT
3693598462,Software Engineer ,Software Engineering,IT
3693599929,Software Engineer,Software Engineering,ENG
3693599929,Software Engineer,Software Engineering,FIN
3693599929,Software Engineer,Software Engineering,IT
3693599984,Entry Level Software Sales Executive,Other Tech/Data,SALE
3693599984,Entry Level Software Sales Executive,Other Tech/Data,BD
3693599984,Entry Level Software Sales Executive,Other Tech/Data,GENB
3694100577,Full Stack Software Engineer (Java),Software Engineering,
3694100955,Software Engineer/Website Developer,Software Engineering,
3694101347,Software Engineer V-Full Stack (Strong Front-End),Software Engineering,IT
3694101447,Python Developer,Developer,IT
3694102363,Software Engineering Supervisor,Software Engineering,IT
3694102363,Software Engineering Supervisor,Software Engineering,STRA
3694102363,Software Engineering Supervisor,Software Engineering,ENG
3694102465,Compliance Business Analyst,Business Analyst / BI,MRKT
3694102465,Compliance Business Analyst,Business Analyst / BI,SALE
3694102818,Business Analyst - SAP HR Payroll,Business Analyst / BI,PRJM
3694102818,Business Analyst - SAP HR Payroll,Business Analyst / BI,IT
3694102891,Data Analyst,Data Analyst,IT
3694103169,Human Resources Business Analyst,Business Analyst / BI,HR
3694103473,Product Data Analyst,Data Analyst,IT
3694103780,Software Engineer,Software Engineering,PRDM
3694103780,Software Engineer,Software Engineering,MRKT
3694103812,Software Engineer (PERN Stack),Software Engineering,ENG
3694104002,Software Engineer,Software Engineering,ENG
3694104002,Software Engineer,Software Engineering,IT
3694104115,Embedded Software Engineer,Software Engineering,ENG
3694104115,Embedded Software Engineer,Software Engineering,IT
3694104211,ERP Business Analyst,Business Analyst / BI,IT
3694104211,ERP Business Analyst,Business Analyst / BI,CNSL
3694104211,ERP Business Analyst,Business Analyst / BI,GENB
3694105420,Business Analyst,Business Analyst / BI,RSCH
3694105420,Business Analyst,Business Analyst / BI,ANLS
3694105420,Business Analyst,Business Analyst / BI,IT
3694105618,"Consultant, Analytics & Technology - 515422",Analytics,RSCH
3694105618,"Consultant, Analytics & Technology - 515422",Analytics,ANLS
3694105618,"Consultant, Analytics & Technology - 515422",Analytics,IT
3694106148,Software Developer Midlevel,Software Engineering,IT
3694107197,MID-LEVEL MS D365 F&O SOFTWARE ENGINEER (U.S. REMOTE),Software Engineering,IT
3694113524,Data Analytics Solutions Engineer,Analytics,ENG
3694113524,Data Analytics Solutions Engineer,Analytics,IT
3694113945,Software Engineer,Software Engineering,ENG
3694113945,Software Engineer,Software Engineering,IT
3694115583,Software Engineer,Software Engineering,ENG
3694115583,Software Engineer,Software Engineering,IT
3694115777,Business Analyst,Business Analyst / BI,RSCH
3694115777,Business Analyst,Business Analyst / BI,ANLS
3694115777,Business Analyst,Business Analyst / BI,IT
3694120300,Software Engineer Dev Ops,Software Engineering,ENG
3694120300,Software Engineer Dev Ops,Software Engineering,IT
3694121166,Natural Language Processing (NLP) Data Scientist.,Data Science / ML,
3694122335,Business Intelligence Developer,Business Analyst / BI,IT
3694136835, Gaming Business Analyst,Business Analyst / BI,IT
3694136835, Gaming Business Analyst,Business Analyst / BI,CNSL
3694153062,Business Analyst IV,Business Analyst / BI,ENG
3694153062,Business Analyst IV,Business Analyst / BI,IT
3696990961,Business Analyst,Business Analyst / BI,RSCH
3696990961,Business Analyst,Business Analyst / BI,ANLS
3696990961,Business Analyst,Business Analyst / BI,IT
3697324234,Software Engineer,Software Engineering,ENG
3697324234,Software Engineer,Software Engineering,IT
3697338865,Software Engineer in Test,Software Engineering,ENG
3697338865,Software Engineer in Test,Software Engineering,IT
3697339751,Denodo Software Developer,Software Engineering,ENG
3697339751,Denodo Software Developer,Software Engineering,IT
3697339958,Business Analyst (with AI /ML exp),Business Analyst / BI,RSCH
3697339958,Business Analyst (with AI /ML exp),Business Analyst / BI,ANLS
3697339958,Business Analyst (with AI /ML exp),Business Analyst / BI,IT
3697340629,Business Analyst,Business Analyst / BI,RSCH
3697340629,Business Analyst,Business Analyst / BI,ANLS
3697340629,Business Analyst,Business Analyst / BI,IT
3697340805,Business Analyst,Business Analyst / BI,RSCH
3697340805,Business Analyst,Business Analyst / BI,ANLS
3697340805,Business Analyst,Business Analyst / BI,IT
3697341474,Data Scientist,Data Science / ML,ENG
3697341474,Data Scientist,Data Science / ML,IT
3697342482,Environmental Engineer & Data Scientist,Data Science / ML,CNSL
3697342482,Environmental Engineer & Data Scientist,Data Science / ML,ENG
3697342482,Environmental Engineer & Data Scientist,Data Science / ML,SCI
3697350743,Application Software Developer lll (Hybrid),Software Engineering,ENG
3697350743,Application Software Developer lll (Hybrid),Software Engineering,IT
3697350749,Business Analyst - Healthcare,Business Analyst / BI,RSCH
3697350749,Business Analyst - Healthcare,Business Analyst / BI,ANLS
3697350749,Business Analyst - Healthcare,Business Analyst / BI,IT
3697357969,"Machine Learning Infrastructure Software Engineer, Project Tidal (6 months contract)",Data Science / ML,ENG
3697357969,"Machine Learning Infrastructure Software Engineer, Project Tidal (6 months contract)",Data Science / ML,IT
3697359708,"Software Engineer, Project Tidal (6 months contract)",Software Engineering,ENG
3697359708,"Software Engineer, Project Tidal (6 months contract)",Software Engineering,IT
3697361293,Software Engineer Intern,Software Engineering,ENG
3697361293,Software Engineer Intern,Software Engineering,IT
3697364133,Java Developer,Developer,ENG
3697364133,Java Developer,Developer,IT
3697377662,"Business Analyst – Decatur, IL",Business Analyst / BI,RSCH
3697377662,"Business Analyst – Decatur, IL",Business Analyst / BI,ANLS
3697377662,"Business Analyst – Decatur, IL",Business Analyst / BI,IT
3697377900,Machine Learning Scientist I,Data Science / ML,OTHR
3697377935,Software Engineer - Automation,Software Engineering,MNFC
3697379856,Machine Learning Scientist I,Data Science / ML,OTHR
3697381498,"University Associate, D&E Valuation & Transaction Disputes (Forensic Accounting/Data Analytics)",Analytics,ACCT
3697381498,"University Associate, D&E Valuation & Transaction Disputes (Forensic Accounting/Data Analytics)",Analytics,FIN
3697382316,"Data Analyst, Real-Time Supply Management (Hybrid)",Data Analyst,IT
3697387964,Data Scientist,Data Science / ML,ENG
3697387964,Data Scientist,Data Science / ML,IT
3697388794,Data Scientist,Data Science / ML,ENG
3697388794,Data Scientist,Data Science / ML,IT
3697390531,Data Scientist,Data Science / ML,ENG
3697390531,Data Scientist,Data Science / ML,IT
3697391430,Data Scientist,Data Science / ML,ENG
3697391430,Data Scientist,Data Science / ML,IT
3697393859,Business Analyst,Business Analyst / BI,RSCH
3697393859,Business Analyst,Business Analyst / BI,ANLS
3697393859,Business Analyst,Business Analyst / BI,IT
3697394059,Salesforce Business Analyst,Business Analyst / BI,BD
3697394059,Salesforce Business Analyst,Business Analyst / BI,SALE
3697394484,Software Engineer (Electrical Power Systems Software Engineer) (multiple position),Software Engineering,ENG
3697394484,Software Engineer (Electrical Power Systems Software Engineer) (multiple position),Software Engineering,IT
3697395126,Software Engineer - Content Systems,Software Engineering,ENG
3697395126,Software Engineer - Content Systems,Software Engineering,IT
3697395737,Supply Chain Data Analyst,Data Analyst,MGMT
3697395737,Supply Chain Data Analyst,Data Analyst,MNFC
3697395900,Software Engineering Intern,Software Engineering,ENG
3697395900,Software Engineering Intern,Software Engineering,IT
3697399519,ServiceNow CMDB Business Analyst,Business Analyst / BI,RSCH
3697399519,ServiceNow CMDB Business Analyst,Business Analyst / BI,ANLS
3697399519,ServiceNow CMDB Business Analyst,Business Analyst / BI,IT
3698000140,Machine Learning Engineer - Notifications,Data Science / ML,ENG
3698000140,Machine Learning Engineer - Notifications,Data Science / ML,IT
3698001169,Oracle Business Intelligence Analyst,Business Analyst / BI,RSCH
3698001169,Oracle Business Intelligence Analyst,Business Analyst / BI,ANLS
3698001169,Oracle Business Intelligence Analyst,Business Analyst / BI,IT
3699047159,Big Data Software Engineer W2 ONLY,Software Engineering,
3699053783,Pharmacy Business & Analytics Coordinator,Analytics,OTHR
3699056650,Salesforce Business Analyst (Service Focused),Business Analyst / BI,
3699056934,Genesys Software Engineer - Nationwide,Software Engineering,ENG
3699056934,Genesys Software Engineer - Nationwide,Software Engineering,IT
3699058364,Vulnerability Data Analyst,Data Analyst,IT
3699061258,Genesys Software Engineer - Nationwide,Software Engineering,ENG
3699061258,Genesys Software Engineer - Nationwide,Software Engineering,IT
3699062109,Associate Analyst - Business Analytics,Analytics,RSCH
3699062109,Associate Analyst - Business Analytics,Analytics,ANLS
3699062109,Associate Analyst - Business Analytics,Analytics,IT
3699075720,"Data Center Technician, Global Server Operations, Machine Learning",Data Science / ML,IT
3699075720,"Data Center Technician, Global Server Operations, Machine Learning",Data Science / ML,ENG
3699077297,Software Engineer (PHP),Software Engineering,ENG
3699077297,Software Engineer (PHP),Software Engineering,IT
3699079771,Business Analyst,Business Analyst / BI,ANLS
3699079863,"Full-Stack Software Engineer - Python, React (Any US COE location, Austin, TX | Irving, TX | Ft Myers, FL)",Software Engineering,ENG
3699079863,"Full-Stack Software Engineer - Python, React (Any US COE location, Austin, TX | Irving, TX | Ft Myers, FL)",Software Engineering,IT
3699081515,"Full-Stack Software Engineer - Python, React (Any US COE location, Austin, TX | Irving, TX | Ft Myers, FL)",Software Engineering,ENG
3699081515,"Full-Stack Software Engineer - Python, React (Any US COE location, Austin, TX | Irving, TX | Ft Myers, FL)",Software Engineering,IT
3699081651,Business Analyst Intern- Spring 2024,Business Analyst / BI,RSCH
3699081651,Business Analyst Intern- Spring 2024,Business Analyst / BI,ANLS
3699081651,Business Analyst Intern- Spring 2024,Business Analyst / BI,IT
3699082125,"Full-Stack Software Engineer - Python, React (Any US COE location, Austin, TX | Irving, TX | Ft Myers, FL)",Software Engineering,ENG
3699082125,"Full-Stack Software Engineer - Python, React (Any US COE location, Austin, TX | Irving, TX | Ft Myers, FL)",Software Engineering,IT
3699083585,Software Developer,Software Engineering,ENG
3699083585,Software Developer,Software Engineering,IT
3699084912,Python Developer,Developer,ENG
3699084912,Python Developer,Developer,IT
3699085103,Data Scientist,Data Science / ML,ENG
3699085103,Data Scientist,Data Science / ML,IT
3699085500,salesforce Business analyst ,Business Analyst / BI,ENG
3699085500,salesforce Business analyst ,Business Analyst / BI,IT
3699085987,Business Analyst CGI Advantage,Business Analyst / BI,IT
3699086066,Software Engineer,Software Engineering,ENG
3699086066,Software Engineer,Software Engineering,IT
3699087053,Embedded Software Engineer,Software Engineering,ENG
3699087053,Embedded Software Engineer,Software Engineering,IT
3699089166,Software Engineer,Software Engineering,ENG
3699089261,"Full Stack Software Engineer, ERP",Software Engineering,ENG
3699089261,"Full Stack Software Engineer, ERP",Software Engineering,IT
3699098903,Financial Data Analyst (Python),Data Analyst,IT
3699405298,Healthcare Data Analyst,Data Analyst,IT
3699408684,Cloud Engineer - Security Analytics,Analytics,IT
3699409510,Junior Business Analyst,Business Analyst / BI,RSCH
3699409510,Junior Business Analyst,Business Analyst / BI,ANLS
3699409510,Junior Business Analyst,Business Analyst / BI,IT
3699411457,Cloud Engineer - Security Analytics,Analytics,IT
3699412356,Machine Learning Engineer 5,Data Science / ML,ENG
3699412356,Machine Learning Engineer 5,Data Science / ML,IT
3699412357,Machine Learning Engineer 5,Data Science / ML,ENG
3699412357,Machine Learning Engineer 5,Data Science / ML,IT
3699413326,ERP Business Analyst,Business Analyst / BI,RSCH
3699413326,ERP Business Analyst,Business Analyst / BI,ANLS
3699413326,ERP Business Analyst,Business Analyst / BI,IT
3699415583,"President, Platforms and Software Engineering",Software Engineering,BD
3699415583,"President, Platforms and Software Engineering",Software Engineering,SALE
3699417053,Software Engineer,Software Engineering,ENG
3699417053,Software Engineer,Software Engineering,IT
3699417731,"Software/Data Engineer, NA Integrated Analytics (2024 New Grad - New York)",Analytics,IT
3699418812,Business Analyst,Business Analyst / BI,RSCH
3699418812,Business Analyst,Business Analyst / BI,ANLS
3699418812,Business Analyst,Business Analyst / BI,IT
3699419809,Business Analyst,Business Analyst / BI,RSCH
3699419809,Business Analyst,Business Analyst / BI,ANLS
3699419809,Business Analyst,Business Analyst / BI,IT
3699423120,Business Analyst,Business Analyst / BI,RSCH
3699423120,Business Analyst,Business Analyst / BI,ANLS
3699423120,Business Analyst,Business Analyst / BI,IT
3699426457,"Software Engineer, Global Payment",Software Engineering,RSCH
3699426457,"Software Engineer, Global Payment",Software Engineering,IT
3699426457,"Software Engineer, Global Payment",Software Engineering,ENG
3699427629,Software Developer,Software Engineering,ENG
3699427629,Software Developer,Software Engineering,IT
3699431844,Java Software Engineer,Software Engineering,IT
3699431844,Java Software Engineer,Software Engineering,FIN
3699431844,Java Software Engineer,Software Engineering,ENG
3699434194,Specialist - Software Engineering,Software Engineering,ENG
3699434194,Specialist - Software Engineering,Software Engineering,IT
3700546442,Business Analyst (with Pega or Rule Engine tool experience),Business Analyst / BI,RSCH
3700546442,Business Analyst (with Pega or Rule Engine tool experience),Business Analyst / BI,ANLS
3700546442,Business Analyst (with Pega or Rule Engine tool experience),Business Analyst / BI,IT
3700554640,Full-Stack Software Engineer,Software Engineering,ENG
3700554640,Full-Stack Software Engineer,Software Engineering,IT
3701154588,Eligibility Data Analyst # 3219,Data Analyst,IT
3701192564,Software Developer / Cloud Engineer,Software Engineering,ENG
3701192564,Software Developer / Cloud Engineer,Software Engineering,IT
3701196929,Master Data Analyst ,Data Analyst,IT
3701197926,Angular Software Engineer,Software Engineering,IT
3701198711,Mentor - Machine Learning Career Track (Part-time/Contract),Data Science / ML,IT
3701198711,Mentor - Machine Learning Career Track (Part-time/Contract),Data Science / ML,ENG
3701198711,Mentor - Machine Learning Career Track (Part-time/Contract),Data Science / ML,EDU
3701198791,FPGA Software Engineer,Software Engineering,DSGN
3701198791,FPGA Software Engineer,Software Engineering,ENG
3701198791,FPGA Software Engineer,Software Engineering,IT
3701199444,Business Analyst,Business Analyst / BI,IT
3701300098,Software Engineer 3,Software Engineering,PRDM
3701301261,Salesforce Communication Cloud Business Analyst,Business Analyst / BI,IT
3701301261,Salesforce Communication Cloud Business Analyst,Business Analyst / BI,ENG
3701301261,Salesforce Communication Cloud Business Analyst,Business Analyst / BI,CNSL
3701301955,Business Intelligence Analyst,Business Analyst / BI,RSCH
3701301955,Business Intelligence Analyst,Business Analyst / BI,ANLS
3701301955,Business Intelligence Analyst,Business Analyst / BI,IT
3701302210,Salesforce (Omnichannel) Business Analyst (100% Remote),Business Analyst / BI,IT
3701302210,Salesforce (Omnichannel) Business Analyst (100% Remote),Business Analyst / BI,BD
3701302210,Salesforce (Omnichannel) Business Analyst (100% Remote),Business Analyst / BI,MRKT
3701302764,Business Intelligence Analyst,Business Analyst / BI,RSCH
3701302764,Business Intelligence Analyst,Business Analyst / BI,ANLS
3701302764,Business Intelligence Analyst,Business Analyst / BI,IT
3701303043,BI SQL Developer,Developer,ENG
3701303043,BI SQL Developer,Developer,IT
3701303080,"Wholesale Business Analyst - Montvale, NJ (Hybrid)",Business Analyst / BI,IT
3701303080,"Wholesale Business Analyst - Montvale, NJ (Hybrid)",Business Analyst / BI,ANLS
3701303080,"Wholesale Business Analyst - Montvale, NJ (Hybrid)",Business Analyst / BI,STRA
3701303248,FACETS Business Analyst,Business Analyst / BI,MGMT
3701303248,FACETS Business Analyst,Business Analyst / BI,MNFC
3701303730,Business Analyst,Business Analyst / BI,IT
3701303730,Business Analyst,Business Analyst / BI,STRA
3701303730,Business Analyst,Business Analyst / BI,ENG
3701304516,Software Engineer,Software Engineering,ENG
3701304516,Software Engineer,Software Engineering,IT
3701305817,Business Analyst,Business Analyst / BI,PRJM
3701305817,Business Analyst,Business Analyst / BI,IT
3701305967,Business Intelligence Analyst,Business Analyst / BI,IT
3701305967,Business Intelligence Analyst,Business Analyst / BI,ANLS
3701307311,Java Developer,Developer,ENG
3701307311,Java Developer,Developer,IT
3701308803,Data Analyst - Remote / Contract,Data Analyst,ENG
3701309576,Business Analyst,Business Analyst / BI,IT
3701312029,Long Term Contract - Business Intelligence Analyst (Hybrid),Business Analyst / BI,ENG
3701312029,Long Term Contract - Business Intelligence Analyst (Hybrid),Business Analyst / BI,IT
3701312029,Long Term Contract - Business Intelligence Analyst (Hybrid),Business Analyst / BI,GENB
3701314896,Full Stack Software Developer (React & Redux) - 100% Remote,Software Engineering,IT
3701315349,Software Engineer,Software Engineering,ENG
3701315349,Software Engineer,Software Engineering,IT
3701315349,Software Engineer,Software Engineering,QA
3701315406,"RPA Developer, Business Operations & Data Analytics",Analytics,LGL
3701315560,Software Engineer - Database Engineering (San Mateo),Software Engineering,ENG
3701315560,Software Engineer - Database Engineering (San Mateo),Software Engineering,IT
3701318091,Software Engineer - Database Engineering (Seattle),Software Engineering,ENG
3701318091,Software Engineer - Database Engineering (Seattle),Software Engineering,IT
3701319093,Business Analyst – Entry Level,Business Analyst / BI,RSCH
3701319093,Business Analyst – Entry Level,Business Analyst / BI,ANLS
3701319093,Business Analyst – Entry Level,Business Analyst / BI,IT
3701320040,Pricing Data Analyst,Data Analyst,IT
3701320912,"Associate Software Engineer (Python, API, Serverless)",Software Engineering,ENG
3701321355,Proposal Coordinator / Business Analyst,Business Analyst / BI,OTHR
3701322385,Data Analyst ,Data Analyst,CNSL
3701322385,Data Analyst ,Data Analyst,IT
3701322816,Software Engineer,Software Engineering,IT
3701323341,Basel Business Analyst,Business Analyst / BI,IT
3701323681,Java Developer - W2 ONLY,Developer,ENG
3701323681,Java Developer - W2 ONLY,Developer,IT
3701323681,Java Developer - W2 ONLY,Developer,DSGN
3701323737,Business Analyst/Data Remediation,Business Analyst / BI,IT
3701327313,Business Analytics Consultant- Revenue Cycle,Analytics,IT
3701327313,Business Analytics Consultant- Revenue Cycle,Analytics,ANLS
3701330202,Java Developer ,Developer,IT
3701332088,Java Developer with Payment,Developer,MRKT
3701332088,Java Developer with Payment,Developer,PR
3701332088,Java Developer with Payment,Developer,WRT
3701333402,Business Analyst - Cost Ctrl,Business Analyst / BI,RSCH
3701333402,Business Analyst - Cost Ctrl,Business Analyst / BI,ANLS
3701333402,Business Analyst - Cost Ctrl,Business Analyst / BI,IT
3701359585,RCM Data Analyst,Data Analyst,FIN
3701361733,Medicare Enrollment Business Analyst,Business Analyst / BI,RSCH
3701361733,Medicare Enrollment Business Analyst,Business Analyst / BI,ANLS
3701361733,Medicare Enrollment Business Analyst,Business Analyst / BI,IT
3701363755,Business Analyst,Business Analyst / BI,RSCH
3701363755,Business Analyst,Business Analyst / BI,ANLS
3701363755,Business Analyst,Business Analyst / BI,IT
3701365741,HR Intern: Global DEI Analytics,Analytics,HR
3701368586,Software Engineer Graduate (TikTok Short Video) - 2024 Start (BS/MS/PhD),Software Engineering,IT
3701368586,Software Engineer Graduate (TikTok Short Video) - 2024 Start (BS/MS/PhD),Software Engineering,ENG
3701369019,Legal Student Employee - Operations & Data Analyst,Data Analyst,EDU
3701369019,Legal Student Employee - Operations & Data Analyst,Data Analyst,TRNG
3701369419,Software Engineer,Software Engineering,ENG
3701369419,Software Engineer,Software Engineering,IT
3701369719,"Software Engineer, Machine Learning - Reality Labs",Data Science / ML,ENG
3701369719,"Software Engineer, Machine Learning - Reality Labs",Data Science / ML,IT
3701369746,Data Scientist / Operations Research Analyst,Data Science / ML,ENG
3701369746,Data Scientist / Operations Research Analyst,Data Science / ML,IT
3701371687,"Software Engineer, Machine Learning - Reality Labs",Data Science / ML,ENG
3701371687,"Software Engineer, Machine Learning - Reality Labs",Data Science / ML,IT
3701372446,OCM Data Analyst (Remote),Data Analyst,IT
